Co,LEA,total_certificated,lowest_salary,lowest_column,average_salary,highest_step_new_hire,highest_salary,BA_60units_step10,service_days,20_21_ada,20_21_percent_change
01,ALAMEDA COUNTY OFFICE OF ED.,24.40,66441,EC/I,119916,16,124752,96259,185,125.67,2.00
01,ALAMEDA UNIFIED,474.45,58975,BA,88572,27,107969,82694,186,8976.00,11.00
01,ALBANY CITY UNIFIED,217.47,51344,BA<60,78991,10,100796,74779,184,3484.19,1.25
01,BERKELEY UNIFIED,667.88,49125,BA EC,87269,16,102115,82294,185,9426.03,9.50
01,CASTRO VALLEY UNIFIED,473.83,58527,EC/I,91752,27,117546,87138,185,8976.77,3.85
01,EMERY UNIFIED (4),N/A,N/A,N/A,N/A,N/A,N/A,N/A,N/A,688.60,N/A
01,FREMONT UNIFIED,1652.57,70171,BA,96733,6,122192,94012,187,34400.54,0.56
01,HAYWARD UNIFIED,1025.28,69642,BA,100338,10,116010,97275,186,18711.60,2.00
01,LIVERMORE VALLEY JOINT UNIFIED,677.06,46467,BA NC,88368,17,107094,85590,187,13195.10,3.00
01,MOUNTAIN HOUSE ELEMENTARY (4),N/A,N/A,N/A,N/A,N/A,N/A,N/A,N/A,14.62,N/A
01,NEWARK UNIFIED,298.20,63841,BA+30,91528,25,110744,88597,186,5482.67,1.00
01,NEW HAVEN UNIFIED,543.30,54983,I,103295,12,125401,97970,184,10476.70,1.00
01,OAKLAND UNIFIED,2037.23,50639,BA,69144,13,95590,69726,186,33910.90,3.50
01,PIEDMONT CITY UNIFIED (4),N/A,N/A,N/A,N/A,N/A,N/A,N/A,N/A,2495.67,N/A
01,SAN LEANDRO UNIFIED,466.80,65522,BA<45,94964,11,119620,87439,186,8613.44,0.00
01,SAN LORENZO UNIFIED,502.50,54147,BA<45,87726,23,106826,79272,186,9334.41,1.00
01,DUBLIN UNIFIED,727.40,67947,BA+EC,96215,6,117154,98235,187,12207.40,3.13
01,PLEASANTON UNIFIED,731.41,63923,BA<30,97495,7,113726,92764,185,14367.50,0.00
01,SUNOL GLEN UNIFIED (4),N/A,N/A,N/A,N/A,N/A,N/A,N/A,N/A,279.06,N/A
02,ALPINE COUNTY OFFICE OF ED. (5),N/A,N/A,N/A,N/A,N/A,N/A,N/A,N/A,N/A,N/A
02,ALPINE COUNTY UNIFIED (4),N/A,N/A,N/A,N/A,N/A,N/A,N/A,N/A,68.70,N/A
03,AMADOR COUNTY OFFICE OF ED. (5),N/A,N/A,N/A,N/A,N/A,N/A,N/A,N/A,N/A,N/A
03,AMADOR COUNTY UNIFIED,209.27,42230,PC,69276,13,88601,67262,183,3723.58,0.00
04,BUTTE COUNTY OFFICE OF ED.,115.74,42053,EC/I,71107,12,102521,67455,183,233.75,2.00
04,BANGOR UNION ELEMENTARY,5.00,47460,BA+30,61769,5,87738,61606,182,98.17,2.00
04,BIGGS UNIFIED,37.00,44874,BA+30,62845,5,82524,59166,184,562.70,1.00
04,CHICO UNIFIED,704.48,49195,BA<45,74696,15,104767,66564,183,11830.20,0.00
04,DURHAM UNIFIED,56.34,43613,BA,69176,15,89048,60044,183,1003.71,0.00
04,FEATHER FALLS UNION ELEM. (4),N/A,N/A,N/A,N/A,N/A,N/A,N/A,N/A,0.00,N/A
04,GOLDEN FEATHER UNION ELEM. (4),N/A,N/A,N/A,N/A,N/A,N/A,N/A,N/A,43.23,N/A
04,MANZANITA ELEMENTARY,12.00,52180,BA+30,85606,30,100322,71465,182,284.58,2.50
04,OROVILLE CITY ELEMENTARY,128.00,49988,BA+30,77662,6,95707,77608,184,2214.04,0.00
04,OROVILLE UNION HIGH,115.80,49962,BA<15,74605,27,98365,72164,184,2158.00,0.00
04,PALERMO UNION ELEMENTARY,85.99,52900,BA+44,74835,16,104768,73517,183,1266.24,0.00
04,PARADISE UNIFIED,112.60,40060,BA+30,70925,20,99998,60700,185,1601.33,0.00
04,THERMALITO UNION ELEMENTARY,89.00,58143,BA<45,83268,11,110067,81373,184,1462.80,0.00
04,PIONEER UNION ELEMENTARY,3.00,38000,BA+30,69043,13,89031,50439,185,47.49,0.00
04,GRIDLEY UNIFIED,117.60,45236,BA,76381,30,102526,71728,183,1983.49,2.00
05,CALAVERAS COUNTY OFFICE OF ED.,18.02,48567,BA+30,61813,25,87691,64000,185,N/A,0.00
05,BRET HARTE UNION HIGH,35.00,55977,BA,91779,12,129052,87186,185,588.44,6.47
05,CALAVERAS UNIFIED,120.12,44171,BA,70824,23,89769,61345,185,2699.49,0.00
05,MARK TWAIN UNION ELEMENTARY,36.00,36106,I,68760,30,102464,67716,183,731.02,0.00
05,VALLECITO UNION ELEMENTARY,31.70,41529,NC,68922,16,98537,67750,184,553.70,2.00
06,COLUSA COUNTY OFFICE OF ED.,27.68,44031,I,72951,22,92928,69684,185,N/A,0.00
06,COLUSA UNIFIED,74.00,52943,BA+15,76171,15,96527,70991,186,1464.71,2.00
06,MAXWELL UNIFIED,20.14,48222,BA,70873,15,90337,66150,183,328.40,0.00
06,PIERCE JOINT UNIFIED,75.00,45579,BA/I,69901,10,94244,70436,187,1400.48,0.00
06,WILLIAMS UNIFIED,68.95,47497,NC,72162,6,102155,68124,185,1258.65,0.00
07,CONTRA COSTA COUNTY OFFICE,67.20,56982,BA,91483,12,114617,85908,184,N/A,3.00
07,ACALANES UNION HIGH,299.30,55380,BA+PM,97451,18,113168,88401,186,5413.25,6.00
07,ANTIOCH UNIFIED,722.10,50576,BA,88291,13,105118,82741,184,15148.10,3.00
07,BRENTWOOD UNION ELEMENTARY,515.04,52998,NC,87099,8,101993,83334,184,8979.90,2.25
07,BYRON UNION ELEMENTARY (4),N/A,N/A,N/A,N/A,N/A,N/A,N/A,N/A,1384.45,N/A
07,CANYON ELEMENTARY (4),N/A,N/A,N/A,N/A,N/A,N/A,N/A,N/A,68.80,N/A
07,JOHN SWETT UNIFIED,76.00,48057,BA NC,75325,14,95076,72017,185,1328.21,3.00
07,KNIGHTSEN ELEMENTARY,30.00,43494,BA<15,73099,24,96832,73584,186,583.06,0.00
07,LAFAYETTE ELEMENTARY,185.87,47953,BA,79762,5,93587,73945,0,3435.46,0.00
07,LIBERTY UNION HIGH,369.98,54331,BA+I,85760,12,105802,81393,185,7860.29,2.00
07,MARTINEZ UNIFIED,197.65,44465,NC,77441,12,93898,72527,185,3970.12,0.00
07,MORAGA ELEMENTARY,97.84,53126,BA,80278,6,101591,71528,186,1808.08,2.00
07,MT. DIABLO UNIFIED (4),N/A,N/A,N/A,N/A,N/A,N/A,N/A,N/A,29120.70,N/A
07,OAKLEY UNION ELEMENTARY,218.00,51269,BA+29,82971,10,102942,80961,184,4967.90,2.50
07,ORINDA UNION ELEMENTARY,143.67,36484,BA NC,78215,11,96532,71166,184,2482.78,3.00
07,PITTSBURG UNIFIED,576.60,53504,BA,81003,13,99293,79901,185,10770.50,3.00
07,WEST CONTRA COSTA UNIFIED,1319.29,50922,BA<30,79265,16,103799,79887,184,26590.70,2.00
07,SAN RAMON VALLEY UNIFIED,1438.74,52348,BA NC,84183,8,103180,82412,186,30948.60,0.00
07,WALNUT CREEK ELEMENTARY,173.00,49705,BA+CR,82852,10,97498,76643,186,3444.41,1.00
08,DEL NORTE COUNTY OFFICE OF ED. (5),N/A,N/A,N/A,N/A,N/A,N/A,N/A,N/A,N/A,N/A
08,DEL NORTE COUNTY UNIFIED,213.65,48035,BA+30,69848,6,89350,72849,186,3451.19,2.00
09,EL DORADO COUNTY OFFICE OF ED.,65.49,50948,BA+30,76739,23,103859,73364,183,N/A,2.00
09,BUCKEYE UNION ELEMENTARY,221.14,47745,BA+24,77204,9,96649,72115,185,4545.93,0.00
09,CAMINO UNION ELEMENTARY,26.70,37332,I,69126,9,92043,66234,183,421.71,2.00
09,EL DORADO UNION HIGH,253.77,50118,BA+EC,85434,8,104412,71968,182,6469.93,0.00
09,GOLD OAK UNION ELEMENTARY,25.00,44155,BA+30,61289,20,84713,61686,182,444.99,2.00
09,GOLD TRAIL UNION ELEMENTARY (4),N/A,N/A,N/A,N/A,N/A,N/A,N/A,N/A,624.08,N/A
09,INDIAN DIGGINGS ELEMENTARY (4),N/A,N/A,N/A,N/A,N/A,N/A,N/A,N/A,19.03,N/A
09,LAKE TAHOE UNIFIED,211.00,51249,BA+15,82400,7,109160,78322,183,3625.98,2.50
09,LATROBE ELEMENTARY (4),N/A,N/A,N/A,N/A,N/A,N/A,N/A,N/A,145.48,N/A
09,MOTHER LODE UNION ELEMENTARY,49.00,49470,BA<60,71076,7,86298,62332,183,957.15,4.00
09,PIONEER UNION ELEMENTARY,16.00,40544,BA,66032,8,88270,61203,184,255.42,4.00
09,PLACERVILLE UNION ELEMENTARY,64.00,49433,BA+15,72952,10,91937,66377,184,1252.18,1.50
09,POLLOCK PINES ELEMENTARY (4),N/A,N/A,N/A,N/A,N/A,N/A,N/A,N/A,597.12,N/A
09,RESCUE UNION ELEMENTARY,179.00,52067,BA+30,79683,10,97082,74475,183,3493.19,1.00
09,SILVER FORK ELEMENTARY (4),N/A,N/A,N/A,N/A,N/A,N/A,N/A,N/A,7.33,N/A
09,BLACK OAK MINE UNIFIED,49.00,45421,BA+15,67121,12,83205,60382,185,975.38,2.00
10,FRESNO COUNTY OFFICE OF ED. (4),N/A,N/A,N/A,N/A,N/A,N/A,N/A,N/A,N/A,N/A
10,ALVINA ELEMENTARY (4),N/A,N/A,N/A,N/A,N/A,N/A,N/A,N/A,192.27,N/A
10,BIG CREEK ELEMENTARY (4),N/A,N/A,N/A,N/A,N/A,N/A,N/A,N/A,40.68,N/A
10,BURREL UNION ELEMENTARY (4),N/A,N/A,N/A,N/A,N/A,N/A,N/A,N/A,118.08,N/A
10,CLAY JOINT ELEMENTARY (4),N/A,N/A,N/A,N/A,N/A,N/A,N/A,N/A,239.66,N/A
10,CLOVIS UNIFIED,1921.75,42984,BA<30,73614,25,92444,68050,188,42024.23,0.00
10,COALINGA/HURON UNIFIED,229.00,46670,EC/I,76154,11,93391,78988,186,4226.92,0.00
10,FOWLER UNIFIED,128.27,53316,EC/I,75947,30,96952,75462,185,2477.37,0.00
10,FRESNO UNIFIED,3896.52,47934,NC,82576,10,111843,79570,185,66903.50,0.00
10,KINGSBURG JOINT UNION ELEM.,102.11,45733,BA,70792,9,100021,64905,184,2150.16,0.00
10,KINGSBURG JOINT UNION HIGH,56.00,53429,BA+30,88469,20,107865,78679,183,1129.04,3.00
10,KINGS CANYON JOINT UNIFIED,485.54,48971,NC,76869,24,104176,71355,185,9423.34,2.00
10,LATON JOINT UNIFIED,41.00,47308,BA+30,58788,10,92615,64069,185,625.25,0.00
10,MONROE ELEMENTARY (4),N/A,N/A,N/A,N/A,N/A,N/A,N/A,N/A,158.92,N/A
10,ORANGE CENTER ELEMENTARY (4),N/A,N/A,N/A,N/A,N/A,N/A,N/A,N/A,320.07,N/A
10,PACIFIC UNION ELEMENTARY (4),N/A,N/A,N/A,N/A,N/A,N/A,N/A,N/A,371.44,N/A
10,PARLIER UNIFIED (4),N/A,N/A,N/A,N/A,N/A,N/A,N/A,N/A,3337.48,N/A
10,PINE RIDGE ELEMENTARY,10.00,44898,BA,70304,14,90876,69662,184,84.96,1.00
10,RAISIN CITY ELEMENTARY (4),N/A,N/A,N/A,N/A,N/A,N/A,N/A,N/A,280.25,N/A
10,SANGER UNIFIED,631.00,49499,BA,73231,14,93863,71965,185,10667.40,0.00
10,SELMA UNIFIED,309.00,55599,BA,84996,7,97524,76505,185,5966.42,2.48
10,WASHINGTON COLONY ELEM. (4),N/A,N/A,N/A,N/A,N/A,N/A,N/A,N/A,439.78,N/A
10,WEST PARK ELEMENTARY (4),N/A,N/A,N/A,N/A,N/A,N/A,N/A,N/A,347.95,N/A
10,WESTSIDE ELEMENTARY (4),N/A,N/A,N/A,N/A,N/A,N/A,N/A,N/A,176.99,N/A
10,FIREBAUGH-LAS DELTAS UNIFIED,109.00,53279,BA,72598,15,98413,72563,184,2140.31,0.00
10,CENTRAL UNIFIED,720.40,44674,I,79890,19,98000,73545,182,15039.40,0.00
10,KERMAN UNIFIED,233.41,48817,BA,78559,10,96046,75857,182,5055.20,0.00
10,MENDOTA UNIFIED,170.00,48783,BA,74699,6,98272,76793,186,3435.71,0.00
10,GOLDEN PLAINS UNIFIED (4),N/A,N/A,N/A,N/A,N/A,N/A,N/A,N/A,1497.00,N/A
10,SIERRA UNIFIED,70.20,44131,BA,71845,40,88156,68476,186,1169.40,0.00
10,RIVERDALE JOINT UNIFIED,82.00,51250,BA,77163,30,94807,72484,185,1489.41,2.50
10,CARUTHERS UNIFIED,79.00,48340,BA,74563,19,98650,70808,183,1480.69,1.00
10,WASHINGTON UNIFIED,147.00,43000,NC,68492,30,88271,67281,184,2458.62,1.00
11,GLENN COUNTY OFFICE OF ED. (4),N/A,N/A,N/A,N/A,N/A,N/A,N/A,N/A,N/A,N/A
11,CAPAY JOINT UNION ELEMENTARY (4),N/A,N/A,N/A,N/A,N/A,N/A,N/A,N/A,182.19,N/A
11,LAKE ELEMENTARY (4),N/A,N/A,N/A,N/A,N/A,N/A,N/A,N/A,178.35,N/A
11,PLAZA ELEMENTARY (4),N/A,N/A,N/A,N/A,N/A,N/A,N/A,N/A,197.76,N/A
11,PRINCETON JOINT UNIFIED (4),N/A,N/A,N/A,N/A,N/A,N/A,N/A,N/A,136.27,N/A
11,STONY CREEK JOINT UNIFIED (4),N/A,N/A,N/A,N/A,N/A,N/A,N/A,N/A,65.85,N/A
11,WILLOWS UNIFIED,74.35,60840,BA<30,81767,8,103220,80635,181,1369.90,0.00
11,ORLAND JOINT UNIFIED,116.00,47643,BA+30,69634,6,95190,64695,183,2145.54,0.00
11,HAMILTON UNIFIED,37.50,42137,BA<CR,69223,8,89221,68380,181,672.70,0.00
12,HUMBOLDT COUNTY OFFICE OF ED.,58.35,43932,BA+CR,60657,15,73727,58823,185,N/A,0.00
12,ARCATA ELEMENTARY,31.88,41363,BA+30,62652,6,78435,64929,182,493.76,0.00
12,NORTHERN HUMBOLDT UNION HIGH,99.00,38982,BA,71777,6,83949,69702,182,1427.58,0.00
12,BIG LAGOON UNION ELEMENTARY (4),N/A,N/A,N/A,N/A,N/A,N/A,N/A,N/A,21.23,N/A
12,BLUE LAKE UNION ELEMENTARY,13.00,41629,BA+30,55082,15,69105,59530,185,167.20,3.00
12,BRIDGEVILLE ELEMENTARY (4),N/A,N/A,N/A,N/A,N/A,N/A,N/A,N/A,39.12,N/A
12,CUDDEBACK UNION ELEMENTARY,11.00,41712,BA+CR,56817,5,74713,51863,183,142.57,0.00
12,CUTTEN ELEMENTARY (4),N/A,N/A,N/A,N/A,N/A,N/A,N/A,N/A,614.27,N/A
12,FIELDBROOK ELEMENTARY (4),N/A,N/A,N/A,N/A,N/A,N/A,N/A,N/A,117.99,N/A
12,FORTUNA UNION HIGH,64.00,42835,BA+30,67842,25,84584,65108,182,1069.60,1.00
12,FRESHWATER ELEMENTARY,19.00,38843,BA+45,62813,1,71528,56607,183,335.38,0.00
12,GARFIELD ELEMENTARY (4),N/A,N/A,N/A,N/A,N/A,N/A,N/A,N/A,63.61,N/A
12,GREEN POINT ELEMENTARY (4),N/A,N/A,N/A,N/A,N/A,N/A,N/A,N/A,12.55,N/A
12,HYDESVILLE ELEMENTARY,11.00,47064,BA+30,67590,10,77248,60791,181,192.24,0.00
12,JACOBY CREEK ELEMENTARY (4),N/A,N/A,N/A,N/A,N/A,N/A,N/A,N/A,447.11,N/A
12,KLAMATH-TRINITY JOINT UNIFIED,78.00,43425,BA+45,63493,20,79621,63648,182,918.34,0.00
12,KNEELAND ELEMENTARY (4),N/A,N/A,N/A,N/A,N/A,N/A,N/A,N/A,14.30,N/A
12,LOLETA UNION ELEMENTARY (4),N/A,N/A,N/A,N/A,N/A,N/A,N/A,N/A,94.78,N/A
12,MAPLE CREEK ELEMENTARY (4),N/A,N/A,N/A,N/A,N/A,N/A,N/A,N/A,9.60,N/A
12,MCKINLEYVILLE UNION ELEM. (4),N/A,N/A,N/A,N/A,N/A,N/A,N/A,N/A,1038.63,N/A
12,ORICK ELEMENTARY,2.00,39270,BA+45,56870,7,78560,53234,184,14.72,0.00
12,PACIFIC UNION ELEMENTARY (4),N/A,N/A,N/A,N/A,N/A,N/A,N/A,N/A,544.83,N/A
12,PENINSULA UNION ELEMENTARY,5.00,34284,BA+30,41384,,59044,58020,183,40.62,10.00
12,RIO DELL ELEMENTARY (4),N/A,N/A,N/A,N/A,N/A,N/A,N/A,N/A,271.20,N/A
12,SCOTIA UNION ELEMENTARY,12.04,34895,BA+24,55035,14,69245,57378,182,165.55,0.00
12,SOUTH BAY UNION ELEMENTARY (4),N/A,N/A,N/A,N/A,N/A,N/A,N/A,N/A,378.71,N/A
12,SOUTHERN HUMBOLDT JT UNIFIED (4),N/A,N/A,N/A,N/A,N/A,N/A,N/A,N/A,719.63,N/A
12,TRINIDAD UNION ELEMENTARY (4),N/A,N/A,N/A,N/A,N/A,N/A,N/A,N/A,189.58,N/A
12,FERNDALE UNIFIED,37.00,42549,BA+30,61601,10,72746,60506,184,436.63,0.00
12,MATTOLE UNIFIED (4),N/A,N/A,N/A,N/A,N/A,N/A,N/A,N/A,49.35,N/A
12,EUREKA CITY UNIFIED,185.03,42002,BA<45,62131,11,82500,58642,186,3449.54,1.00
12,FORTUNA ELEMENTARY,73.75,39338,BA+30,63752,10,77563,62915,184,1062.59,1.50
13,IMPERIAL COUNTY OFFICE OF ED. (4),N/A,N/A,N/A,N/A,N/A,N/A,N/A,N/A,N/A,N/A
13,BRAWLEY ELEMENTARY,187.00,58456,BA<15,103467,8,136787,97914,187,3802.95,1.00
13,BRAWLEY UNION HIGH,82.21,58759,BA,103821,11,133116,100248,187,1879.15,0.00
13,CALEXICO UNIFIED,456.00,43720,BA,82247,9,96309,75854,185,8543.89,0.00
13,CALIPATRIA UNIFIED,61.40,52181,BA,87209,9,105117,84273,186,1087.34,4.00
13,CENTRAL UNION HIGH,217.80,58125,BA+CR,100828,9,133831,93716,187,3999.79,3.00
13,EL CENTRO ELEMENTARY,263.00,62319,BA+15,97359,11,121600,90230,187,5060.42,5.00
13,HEBER ELEMENTARY,64.00,50538,BA,85038,10,116023,84078,186,1214.20,1.50
13,HOLTVILLE UNIFIED,99.07,56228,BA,85562,11,105685,82937,185,1519.21,5.00
13,IMPERIAL UNIFIED,192.00,60219,BA,100209,5,120008,96842,185,4203.06,0.00
13,MAGNOLIA UNION ELEMENTARY,6.00,46046,BA,80163,7,103397,69456,183,128.00,0.00
13,MCCABE UNION ELEMENTARY,57.00,58205,BA+30,85151,30,112705,81204,185,1313.42,3.00
13,MEADOWS UNION ELEMENTARY,20.00,48786,BA,86733,27,104969,76877,185,454.00,0.00
13,MULBERRY ELEMENTARY,4.00,41219,BA,64851,5,79757,69031,187,72.60,0.00
13,SAN PASQUAL VALLEY UNIFIED,51.00,51472,BA EC,84250,9,98184,75902,184,600.64,2.80
13,SEELEY UNION ELEMENTARY (4),N/A,N/A,N/A,N/A,N/A,N/A,N/A,N/A,370.08,N/A
13,WESTMORLAND UNION ELEMENTARY,21.00,51039,NC,78440,6,107527,78567,185,365.96,0.00
14,INYO COUNTY OFFICE OF ED. (4),N/A,N/A,N/A,N/A,N/A,N/A,N/A,N/A,N/A,N/A
14,BIG PINE UNIFIED,16.00,43559,BA,70338,6,96911,73366,182,137.18,0.00
14,DEATH VALLEY UNIFIED (4),N/A,N/A,N/A,N/A,N/A,N/A,N/A,N/A,22.12,N/A
14,LONE PINE UNIFIED,15.40,40762,BA NC,67537,33,86972,71214,182,310.35,0.00
14,OWENS VALLEY UNIFIED,8.00,51175,BA+CR,79748,15,97925,78747,182,75.40,4.12
14,ROUND VALLEY JOINT ELEMENTARY,5.67,37613,BA,67049,6,87319,66769,184,52.08,0.00
14,BISHOP UNIFIED,110.09,46959,BA+CR,77168,15,96636,72590,185,1969.21,2.00
15,KERN COUNTY OFFICE OF ED.,191.35,49897,BA,71118,15,90453,67550,185,1072.50,2.00
15,ARVIN UNION ELEMENTARY,150.00,50658,BA,78393,9,93592,76970,185,2956.71,0.00
15,BAKERSFIELD CITY ELEMENTARY,1625.00,51158,BA,78159,25,101925,77123,185,29444.80,0.00
15,BEARDSLEY ELEMENTARY,107.70,47319,BA+CR,67665,5,91450,66906,182,1902.55,0.00
15,BELRIDGE ELEMENTARY (4),N/A,N/A,N/A,N/A,N/A,N/A,N/A,N/A,34.62,N/A
15,BLAKE ELEMENTARY (4),N/A,N/A,N/A,N/A,N/A,N/A,N/A,N/A,15.57,N/A
15,PANAMA-BUENA VISTA UNION ELEM.,900.28,50796,BA,79944,6,101072,77526,183,17891.90,2.00
15,BUTTONWILLOW UNION ELEMENTARY,17.00,47511,BA+CR,65153,9,91866,66366,183,305.66,2.90
15,CALIENTE UNION ELEMENTARY,3.00,36151,BA+24,44820,7,53382,42159,184,40.25,2.00
15,DELANO UNION ELEMENTARY,312.00,52885,BA,81498,1,103965,77679,184,6499.82,0.00
15,DELANO JOINT UNION HIGH,208.00,52060,BA+30,77073,15,109843,74715,183,4041.10,1.50
15,DI GIORGIO ELEMENTARY,11.00,48229,BA+CR,64321,6,85104,66485,185,196.49,0.00
15,EDISON ELEMENTARY,53.00,46830,BA,66331,8,91024,66351,185,1023.40,0.00
15,ELK HILLS ELEMENTARY,10.00,46980,BA<30,58211,28,77042,59932,185,179.86,0.00
15,FAIRFAX ELEMENTARY (4),N/A,N/A,N/A,N/A,N/A,N/A,N/A,N/A,2595.45,N/A
15,FRUITVALE ELEMENTARY,157.00,42000,EC/I,73365,11,95184,74529,183,3088.83,0.00
15,GENERAL SHAFTER ELEMENTARY (4),N/A,N/A,N/A,N/A,N/A,N/A,N/A,N/A,178.03,N/A
15,GREENFIELD UNION ELEMENTARY,426.00,52055,BA<23,78388,23,99964,75393,184,9161.06,0.00
15,KERN UNION HIGH,1950.48,52313,BA,79822,13,112156,75075,183,39361.10,0.00
15,KERNVILLE UNION ELEMENTARY,43.00,51517,BA,69069,15,81931,68545,186,811.35,2.60
15,LAKESIDE UNION ELEMENTARY,62.00,47509,BA,71264,11,85568,69023,183,1350.21,2.00
15,LAMONT ELEMENTARY (4),N/A,N/A,N/A,N/A,N/A,N/A,N/A,N/A,2819.05,N/A
15,RICHLAND UNION ELEMENTARY,155.00,47418,BA/I,77960,11,96621,76223,183,2681.67,0.00
15,LINNS VALLEY-POSO FLAT UNION (4),N/A,N/A,N/A,N/A,N/A,N/A,N/A,N/A,15.40,N/A
15,LOST HILLS UNION ELEMENTARY,19.00,43942,BA+PM,64951,6,81911,68809,186,270.28,0.00
15,MAPLE ELEMENTARY (4),N/A,N/A,N/A,N/A,N/A,N/A,N/A,N/A,277.72,N/A
15,MARICOPA UNIFIED,4.00,45107,BA<30,47785,24,79295,59869,185,285.20,0.00
15,MCKITTRICK ELEMENTARY (4),N/A,N/A,N/A,N/A,N/A,N/A,N/A,N/A,24.27,N/A
15,MIDWAY ELEMENTARY,6.00,41526,BA,67467,15,85268,68393,185,57.21,0.00
15,MOJAVE UNIFIED,137.00,43499,BA,71797,35,98516,71383,184,2611.60,0.00
15,MUROC JOINT UNIFIED,92.00,38968,BA,66154,30,91776,69364,182,1671.80,0.00
15,NORRIS ELEMENTARY (4),N/A,N/A,N/A,N/A,N/A,N/A,N/A,N/A,4122.40,N/A
15,POND UNION ELEMENTARY (4),N/A,N/A,N/A,N/A,N/A,N/A,N/A,N/A,157.63,N/A
15,ROSEDALE UNION ELEMENTARY,287.00,46408,BA,73419,13,96138,63973,184,5719.67,0.00
15,SEMITROPIC ELEMENTARY (4),N/A,N/A,N/A,N/A,N/A,N/A,N/A,N/A,177.33,N/A
15,SOUTHERN KERN UNIFIED,167.00,44868,I,72662,11,94596,75879,182,3311.56,0.00
15,SOUTH FORK UNION ELEMENTARY,13.00,46591,BA,60352,20,80811,66033,184,272.46,2.50
15,STANDARD ELEMENTARY,145.00,50016,BA+CR,71437,9,95481,73374,184,2878.08,0.00
15,TAFT CITY ELEMENTARY (4),N/A,N/A,N/A,N/A,N/A,N/A,N/A,N/A,2265.32,N/A
15,TAFT UNION HIGH,63.00,44842,CTE,90267,6,115148,83052,185,998.83,0.00
15,TEHACHAPI UNIFIED (4),N/A,N/A,N/A,N/A,N/A,N/A,N/A,N/A,4012.28,N/A
15,VINELAND ELEMENTARY (4),N/A,N/A,N/A,N/A,N/A,N/A,N/A,N/A,629.48,N/A
15,WASCO UNION ELEMENTARY,186.00,49307,BA+CR,76981,15,98467,72785,185,3473.20,0.00
15,WASCO UNION HIGH (4),N/A,N/A,N/A,N/A,N/A,N/A,N/A,N/A,1752.50,N/A
15,RIO BRAVO-GREELEY UNION ELEM.,49.67,45625,BA,71083,10,87491,68497,183,1016.96,2.00
15,SIERRA SANDS UNIFIED,255.80,44278,EC,69611,12,101241,72191,187,4928.89,1.08
15,MCFARLAND UNIFIED,149.00,50199,BA,78190,39,94049,73873,184,3288.86,1.50
15,EL TEJON UNIFIED,36.00,42375,BA+12,68906,25,84602,63273,183,684.53,0.00
16,KINGS COUNTY OFFICE OF ED.,56.00,48930,BA,67235,15,88407,73517,186,N/A,1.00
16,ARMONA UNION ELEMENTARY,45.00,49568,BA PM,77499,16,98732,74558,186,897.29,3.00
16,CENTRAL UNION ELEMENTARY,100.00,55792,BA,94323,27,109980,87405,183,1810.41,0.00
16,CORCORAN JOINT UNIFIED,170.00,57593,BA+30,80027,14,107147,80601,184,3111.81,1.50
16,HANFORD ELEMENTARY,279.00,50494,BA NC,83799,12,109257,83026,187,5741.81,0.00
16,HANFORD JOINT UNION HIGH,157.00,51665,BA,80562,14,102850,78685,185,3771.67,0.00
16,ISLAND UNION ELEMENTARY (4),N/A,N/A,N/A,N/A,N/A,N/A,N/A,N/A,386.86,N/A
16,KINGS RIVER-HARDWICK UN ELEM.,35.00,51414,BA<45,83531,12,96370,79146,187,815.97,0.00
16,KIT CARSON UNION ELEMENTARY,22.60,59948,BA,82067,1,99795,81258,186,391.93,0.00
16,LAKESIDE UNION ELEMENTARY,18.00,50629,BA<45,59902,5,93083,66059,187,304.61,0.00
16,LEMOORE UNION ELEMENTARY,175.00,49182,BA+30,72351,25,101835,74912,186,3225.73,1.00
16,LEMOORE UNION HIGH,119.49,50642,BA<30,75388,21,103726,72476,183,2156.33,0.00
16,PIONEER UNION ELEMENTARY,70.00,43790,BA NC,78742,12,90576,80583,187,1527.44,0.00
16,REEF-SUNSET UNIFIED,133.00,51228,BA+15,78751,27,100391,78190,185,2599.88,0.00
17,LAKE COUNTY OFFICE OF ED.,3.50,57045,BA+30,69823,12,88802,79065,183,N/A,5.00
17,KELSEYVILLE UNIFIED,88.65,42659,BA,63218,25,82913,64576,185,1657.70,2.00
17,KONOCTI UNIFIED,178.00,47509,BA+30,61257,11,87891,68049,184,3359.56,0.00
17,LAKEPORT UNIFIED,80.75,42183,DSC,64237,10,85005,69879,185,1340.49,1.50
17,LUCERNE ELEMENTARY (4),N/A,N/A,N/A,N/A,N/A,N/A,N/A,N/A,274.58,N/A
17,MIDDLETOWN UNIFIED,71.00,44453,BA/I,61205,17,75485,63024,184,1421.71,1.00
17,UPPER LAKE UNION ELEMENTARY (4),N/A,N/A,N/A,N/A,N/A,N/A,N/A,N/A,0.00,N/A
17,UPPER LAKE UNION HIGH (4),N/A,N/A,N/A,N/A,N/A,N/A,N/A,N/A,0.00,N/A
17,UPPER LAKE UNIFIED,46.00,43484,BA+PV,65935,21,87152,66571,183,765.14,0.00
18,LASSEN COUNTY OFFICE OF ED.,10.00,53676,BA,71115,1,97082,72186,184,N/A,0.00
18,BIG VALLEY JOINT UNIFIED,9.00,38380,BA,59042,28,81635,52905,185,107.84,0.00
18,JANESVILLE UNION ELEMENTARY (4),N/A,N/A,N/A,N/A,N/A,N/A,N/A,N/A,362.00,N/A
18,JOHNSTONVILLE ELEMENTARY (4),N/A,N/A,N/A,N/A,N/A,N/A,N/A,N/A,177.22,N/A
18,LASSEN UNION HIGH,40.95,48891,BA<45,72351,12,95408,66033,184,749.10,1.85
18,RAVENDALE ELEMENTARY,1.00,34281,BA NC,55375,9,58747,50676,183,5.73,0.00
18,RICHMOND ELEMENTARY (4),N/A,N/A,N/A,N/A,N/A,N/A,N/A,N/A,206.73,N/A
18,SHAFFER UNION ELEMENTARY,10.00,48626,BA+30,68927,24,88536,65694,184,183.80,2.00
18,SUSANVILLE ELEMENTARY,53.00,42425,BA NC,58930,13,83731,60488,185,1053.07,0.00
18,WESTWOOD UNIFIED,12.28,39819,BA<45,57660,8,75933,57573,185,169.52,0.00
18,FORT SAGE UNIFIED,12.17,37621,I,57956,11,94444,53334,183,128.43,4.00
19,LOS ANGELES COUNTY OFFICE (4),N/A,N/A,N/A,N/A,N/A,N/A,N/A,N/A,N/A,N/A
19,ABC UNIFIED,913.15,56007,BA,87669,13,108926,80216,184,19633.80,0.00
19,ANTELOPE VALLEY UNION HIGH,997.40,43341,BA,82765,21,111782,75853,185,21842.52,0.00
19,ARCADIA UNIFIED,410.37,63258,BA,105082,11,125428,93256,186,9037.30,1.00
19,AZUSA UNIFIED,389.50,52778,BA NC,87765,25,100115,80518,187,7318.44,0.00
19,BALDWIN PARK UNIFIED,636.00,49102,BA,96033,12,108056,88831,184,11675.40,0.00
19,BASSETT UNIFIED,210.00,44474,BA,85444,14,93496,70620,185,3175.49,0.00
19,BELLFLOWER UNIFIED,505.00,52031,BA,87114,26,101711,78827,184,11008.90,0.00
19,BEVERLY HILLS UNIFIED,259.81,62811,BA,108758,22,120013,99260,186,3398.34,4.92
19,BONITA UNIFIED,429.85,55484,BA,90116,11,105104,83380,185,9665.10,0.00
19,BURBANK UNIFIED,714.30,46831,BA NC,82724,16,97841,76590,187,14719.90,0.00
19,CASTAIC UNION ELEMENTARY,95.40,42587,BA,70901,10,84753,69019,186,1944.72,4.00
19,CENTINELA VALLEY HIGH,312.00,49700,CTE,83055,28,104721,82455,182,5957.07,3.00
19,CHARTER OAK UNIFIED,197.20,45134,BA,89107,10,108592,78759,184,4384.29,1.00
19,CLAREMONT UNIFIED,270.80,53785,BA,87499,10,109163,79378,182,6639.62,0.00
19,COVINA-VALLEY UNIFIED,551.00,50370,BA,91714,9,109176,84232,184,11185.10,2.20
19,CULVER CITY UNIFIED,316.90,52143,BA,84878,11,102308,81873,184,6871.00,0.00
19,DOWNEY UNIFIED,1068.00,58678,BA,99814,30,120115,92267,185,21247.00,0.00
19,DUARTE UNIFIED,160.20,52732,BA NC,82833,25,102998,76255,185,3275.98,0.00
19,EASTSIDE ELEMENTARY,149.00,46749,BA,81739,11,102472,74846,183,3074.42,0.00
19,EAST WHITTIER CITY ELEMENTARY,388.00,50427,BA,89496,30,108310,75111,186,8124.39,2.00
19,EL MONTE CITY ELEMENTARY,384.00,52407,BA NC,96564,11,108476,87043,183,7762.54,0.00
19,EL MONTE UNION HIGH,331.00,56055,BA,94581,30,110703,85871,184,8031.19,0.00
19,EL RANCHO UNIFIED,385.00,49700,BA,81862,12,100962,75337,185,8070.19,2.00
19,EL SEGUNDO UNIFIED,167.72,47298,BA NC,88470,16,104668,83511,184,3407.92,3.00
19,GARVEY ELEMENTARY,236.00,51644,BA,89044,9,106213,85096,187,4371.17,1.50
19,GLENDALE UNIFIED,1142.80,49917,BA+I,86125,12,106430,76631,186,24691.40,0.00
19,GLENDORA UNIFIED,348.80,47189,BA,90397,11,101145,80975,184,6884.79,0.00
19,GORMAN ELEMENTARY (4),N/A,N/A,N/A,N/A,N/A,N/A,N/A,N/A,65.90,N/A
19,HAWTHORNE ELEMENTARY,372.00,51173,EC,93882,11,108203,84303,181,7585.67,4.00
19,HERMOSA BEACH CITY ELEMENTARY,70.00,50857,BA,86137,12,96007,85354,183,1308.23,0.00
19,HUGHES-ELIZABETH LAKES UN E (4),N/A,N/A,N/A,N/A,N/A,N/A,N/A,N/A,168.20,N/A
19,INGLEWOOD UNIFIED,384.00,42126,NC,74715,15,83125,66023,185,7580.39,0.00
19,KEPPEL ELEMENTARY,119.00,43874,BA NC,78008,11,100818,79077,185,2531.14,0.00
19,LA CANADA UNIFIED,194.01,53130,BA,92210,25,107705,82174,186,4030.04,0.00
19,LANCASTER ELEMENTARY,649.00,49927,BA,84123,14,106560,80847,185,13498.70,0.00
19,LAS VIRGENES UNIFIED,516.80,49493,NC,88958,10,106546,81680,185,10420.40,2.00
19,LAWNDALE ELEMENTARY,270.50,58949,BA,96218,19,109080,88379,185,4972.06,0.00
19,LENNOX ELEMENTARY,252.00,53728,BA+I,92754,11,102533,88028,183,4913.76,0.00
19,LITTLE LAKE CITY ELEMENTARY,211.00,49386,BA,79770,26,99494,73481,187,4151.93,0.00
19,LONG BEACH UNIFIED,3169.00,54861,NC,96968,16,115083,81566,182,68158.50,3.02
19,LOS ANGELES UNIFIED,27043.00,46587,BA NC,78635,10,92389,74412,182,414036.00,0.00
19,LOS NIETOS ELEMENTARY (4),N/A,N/A,N/A,N/A,N/A,N/A,N/A,N/A,1439.61,N/A
19,LOWELL JOINT ELEMENTARY (4),N/A,N/A,N/A,N/A,N/A,N/A,N/A,N/A,3056.49,N/A
19,LYNWOOD UNIFIED,625.00,51609,BA,86389,10,100422,78982,185,12417.00,0.00
19,MONROVIA UNIFIED,260.70,51975,BA,79597,6,99155,78882,185,5132.98,1.00
19,MONTEBELLO UNIFIED (4),N/A,N/A,N/A,N/A,N/A,N/A,N/A,N/A,23026.90,N/A
19,MOUNTAIN VIEW ELEMENTARY,301.00,53448,BA,100434,22,110243,85859,185,5813.44,0.00
19,NEWHALL ELEMENTARY,307.32,50078,BA<30,77874,10,94756,72503,184,6046.54,0.00
19,NORWALK-LA MIRADA UNIFIED,753.80,55995,BA,96639,12,113896,82686,185,16330.60,0.00
19,PALMDALE ELEMENTARY,811.50,50652,BA,83539,25,113227,80869,186,17300.50,0.00
19,PALOS VERDES PENINSULA UNIFIED,490.80,56756,BA,88748,12,106309,79672,185,10672.10,0.00
19,PARAMOUNT UNIFIED,744.75,57050,BA+CR,93313,10,109341,82067,184,13709.20,0.00
19,PASADENA UNIFIED,752.95,45221,BA NC,75843,7,93302,66121,186,15109.30,0.00
19,POMONA UNIFIED,1131.00,47444,EC,83891,7,104940,74659,188,21852.66,0.00
19,ROSEMEAD ELEMENTARY,121.00,50782,BA NC,95562,5,111799,87236,187,2332.13,3.00
19,SAN MARINO UNIFIED,148.00,52583,BA+CR,85645,11,104475,75301,182,2841.63,0.00
19,SANTA MONICA-MALIBU UNIFIED,576.80,51531,BA,86935,12,103590,76941,186,9840.55,1.08
19,SAUGUS UNION ELEMENTARY,411.90,45476,BA,82593,6,96997,75617,186,9446.46,0.00
19,SOUTH PASADENA UNIFIED (4),N/A,N/A,N/A,N/A,N/A,N/A,N/A,N/A,4742.96,N/A
19,SOUTH WHITTIER ELEMENTARY,133.00,50016,BA<15,83531,6,101603,78766,186,2465.45,1.00
19,SULPHUR SPRINGS UNION ELEM.,233.00,44686,BA<30,76190,9,91548,69514,186,5108.27,0.00
19,TEMPLE CITY UNIFIED,241.00,47432,BA NC,89130,6,106763,87111,184,5463.43,1.25
19,TORRANCE UNIFIED,1007.68,49934,BA,84234,8,99283,78959,185,22300.80,0.00
19,VALLE LINDO ELEMENTARY (4),N/A,N/A,N/A,N/A,N/A,N/A,N/A,N/A,1026.17,N/A
19,WEST COVINA UNIFIED,408.00,51667,BA,85241,8,108654,80642,188,8215.67,1.00
19,WESTSIDE UNION ELEMENTARY,405.00,46343,BA,80468,6,109179,84347,184,9239.07,0.00
19,WHITTIER CITY ELEMENTARY,198.20,42991,BA,87367,24,101603,79748,183,5759.31,0.00
19,WHITTIER UNION HIGH,532.20,53481,BA/I,100511,28,119075,87497,183,10744.60,0.00
19,WILLIAM S. HART UNION HIGH,923.60,47874,BA<30,81485,13,101625,74411,185,21274.90,0.00
19,WILSONA ELEMENTARY (4),N/A,N/A,N/A,N/A,N/A,N/A,N/A,N/A,1169.57,N/A
19,COMPTON UNIFIED,948.00,44308,BA NC,87459,11,99847,76340,184,19392.60,0.00
19,HACIENDA LA PUENTE UNIFIED,842.70,60651,BA,101905,12,116326,89128,185,17109.30,3.00
19,ROWLAND UNIFIED,639.00,39825,DSC,89102,20,106213,78903,185,12595.30,0.00
19,WALNUT VALLEY UNIFIED,596.00,48800,I,86353,12,109940,75480,184,13436.10,0.00
19,SAN GABRIEL UNIFIED,251.00,44174,BA,85216,13,97900,77954,186,4784.26,0.00
19,ACTON-AGUA DULCE UNIFIED (4),N/A,N/A,N/A,N/A,N/A,N/A,N/A,N/A,979.60,N/A
19,MANHATTAN BEACH UNIFIED,272.69,56148,BA,93943,30,105679,85928,183,6302.25,0.00
19,REDONDO BEACH UNIFIED,466.30,58178,BA,89821,11,104463,86839,185,9743.71,0.00
19,ALHAMBRA UNIFIED,793.14,45357,BA NC,89568,8,124525,79605,187,15754.90,0.00
19,WISEBURN UNIFIED,111.80,53969,BA,90319,8,107052,88902,185,2426.02,2.00
20,MADERA COUNTY OFFICE OF ED.,99.00,43928,BA,69197,17,82975,68321,184,324.41,0.00
20,ALVIEW-DAIRYLAND UNION ELEM.,18.00,45473,NC,67458,7,85413,62811,184,368.26,0.00
20,BASS LAKE ELEMENTARY,44.00,42679,BA,64602,11,80491,60685,184,843.47,0.00
20,CHOWCHILLA ELEMENTARY,108.00,50644,BA,79672,20,99548,76866,184,2155.59,0.00
20,CHOWCHILLA UNION HIGH (4),N/A,N/A,N/A,N/A,N/A,N/A,N/A,N/A,1023.39,N/A
20,MADERA UNIFIED,1050.02,48924,BA+CR,81282,14,99526,77970,191,19143.80,0.00
20,RAYMOND-KNOWLES UN ELEM. (4),N/A,N/A,N/A,N/A,N/A,N/A,N/A,N/A,74.98,N/A
20,GOLDEN VALLEY UNIFIED,108.00,42686,BA+EC,65752,20,81600,64465,183,1952.56,0.00
20,CHAWANAKEE UNIFIED (4),N/A,N/A,N/A,N/A,N/A,N/A,N/A,N/A,869.80,N/A
20,YOSEMITE UNIFIED,67.00,44765,BA,64739,11,83450,61499,183,1411.86,0.75
21,MARIN COUNTY OFFICE OF ED.,56.64,53100,BA,99097,6,110447,100358,187,N/A,3.00
21,BOLINAS-STINSON UN ELEM. (4),N/A,N/A,N/A,N/A,N/A,N/A,N/A,N/A,83.53,N/A
21,DIXIE ELEMENTARY (4),N/A,N/A,N/A,N/A,N/A,N/A,N/A,N/A,1938.82,N/A
21,KENTFIELD ELEMENTARY (4),N/A,N/A,N/A,N/A,N/A,N/A,N/A,N/A,1141.69,N/A
21,LAGUNA JOINT ELEMENTARY,1.00,40980,BA+30,74268,20,77268,50953,184,9.78,0.00
21,LAGUNITAS ELEMENTARY (4),N/A,N/A,N/A,N/A,N/A,N/A,N/A,N/A,225.18,N/A
21,LARKSPUR-CORTE MADERA,84.60,55587,BA,89337,13,102117,83247,187,1480.74,0.00
21,LINCOLN ELEMENTARY,1.00,40980,BA+30,78813,25,85310,50953,184,5.98,0.00
21,MILL VALLEY ELEMENTARY,173.48,61248,BA,98910,15,115849,93130,186,2740.61,3.00
21,NICASIO ELEMENTARY,3.00,57474,BA+30,72923,7,102314,83933,186,36.89,2.00
21,NOVATO UNIFIED,302.80,48488,BA,80630,13,109005,78499,186,7271.41,0.00
21,REED UNION ELEMENTARY,90.88,58979,BA,95489,16,113248,92043,186,1255.42,3.00
21,ROSS ELEMENTARY,33.20,63726,BA,95638,12,115994,97518,191,366.88,3.00
21,SAN RAFAEL CITY ELEMENTARY,213.90,50784,BA,90051,9,109829,85699,187,4409.76,0.00
21,SAN RAFAEL CITY HIGH,127.84,59946,BA,103787,9,121133,99053,185,2611.56,0.00
21,SAUSALITO-MARIN CITY ELEM.,18.00,57397,BA+30,85089,21,109100,89884,187,104.48,2.50
21,TAMALPAIS UNION HIGH,288.00,64006,BA,107908,8,122117,99832,185,4890.93,2.00
21,UNION JOINT ELEMENTARY (4),N/A,N/A,N/A,N/A,N/A,N/A,N/A,N/A,0.00,N/A
21,SHORELINE UNIFIED,49.00,58127,BA+30,86977,20,111337,83599,187,368.50,3.00
21,ROSS VALLEY ELEMENTARY,116.54,54589,BA+30,79017,13,101308,80963,188,1961.45,0.00
22,MARIPOSA COUNTY OFFICE OF ED. (5),N/A,N/A,N/A,N/A,N/A,N/A,N/A,N/A,N/A,N/A
22,MARIPOSA COUNTY UNIFIED,95.00,45843,CTE,66827,8,83896,65569,185,1573.93,2.00
23,MENDOCINO COUNTY OFFICE OF ED.,26.00,45432,BA+CR,64892,28,87692,65425,185,N/A,0.00
23,ANDERSON VALLEY UNIFIED,29.64,44296,BA+30,57228,25,76456,54486,187,414.19,0.00
23,FORT BRAGG UNIFIED,98.60,44794,BA<30,59101,10,82522,56999,185,1700.71,0.00
23,MANCHESTER UNION ELEMENTARY (4),N/A,N/A,N/A,N/A,N/A,N/A,N/A,N/A,41.79,N/A
23,MENDOCINO UNIFIED,42.00,40402,BA,64548,10,84781,64714,185,421.98,0.00
23,ROUND VALLEY UNIFIED,30.43,41333,PM,59576,25,84091,59570,185,408.80,0.00
23,UKIAH UNIFIED,335.16,49572,BA<45,72977,8,96069,70165,188,5661.09,2.79
23,WILLITS UNIFIED,89.39,44000,BA,59454,10,85428,60989,186,1454.86,0.00
23,POTTER VALLEY COMMUNITY UNIFIED,16.50,36582,BA EC,54232,25,73543,54335,185,272.93,0.00
23,LAYTONVILLE UNIFIED,23.91,46309,BA<30,56609,10,85488,56647,185,337.37,0.00
23,LEGGETT VALLEY UNIFIED,13.00,44925,BA+30,58864,9,76089,57620,184,124.61,0.00
23,POINT ARENA SCHOOL DISTRICTS,30.87,41772,BA,63402,16,84812,60023,184,350.56,0.94
24,MERCED COUNTY OFFICE OF ED.,159.85,50000,BA,70745,18,90178,71929,184,213.77,0.00
24,ATWATER ELEMENTARY,227.45,49397,PM/I,84162,8,102766,84608,183,4770.18,4.00
24,BALLICO-CRESSEY ELEMENTARY,19.00,46952,BA+30,61785,25,85946,63202,185,372.51,2.00
24,EL NIDO ELEMENTARY,10.00,51106,BA+15,66377,25,82033,70148,184,151.66,0.00
24,HILMAR UNIFIED,122.53,54372,BA,79163,12,98932,74260,184,2258.71,2.50
24,LE GRAND UNION ELEMENTARY,17.00,51595,BA+30,76946,5,88569,73863,184,342.61,4.00
24,LE GRAND UNION HIGH,22.00,48299,BA,70157,5,90060,70888,185,492.43,0.00
24,LIVINGSTON UNION ELEMENTARY,119.50,57388,BA+30,89694,6,106369,79735,184,2413.89,2.00
24,LOS BANOS UNIFIED,497.00,52571,BA NO,85240,10,110847,82286,184,10490.50,0.00
24,MCSWAIN UNION ELEMENTARY,46.00,51578,BA<30,79397,7,101364,75798,185,834.52,2.00
24,MERCED CITY ELEMENTARY,481.00,54790,BA+CR,95152,6,110219,91636,184,10574.60,0.00
24,MERCED UNION HIGH,574.50,55336,BA,82758,13,105121,82164,184,10165.50,0.00
24,PLAINSBURG UNION ELEMENTARY (4),N/A,N/A,N/A,N/A,N/A,N/A,N/A,N/A,104.51,N/A
24,PLANADA ELEMENTARY,41.00,53013,BA,78006,20,96908,81858,185,801.10,2.50
24,SNELLING-MERCED FALLS UN ELEM. (4),N/A,N/A,N/A,N/A,N/A,N/A,N/A,N/A,76.41,N/A
24,WEAVER UNION ELEMENTARY,160.00,61823,BA+15,90639,6,105886,82788,183,2786.06,0.00
24,WINTON ELEMENTARY,100.00,53816,BA NC,85774,6,110807,79023,184,1946.43,4.00
24,GUSTINE UNIFIED,88.00,48565,NC,76893,1,91321,80748,184,1728.53,0.00
24,MERCED RIVER UNION ELEMENTARY,10.00,49541,BA+30,60160,5,90454,70172,184,193.16,3.00
24,DOS PALOS-ORO LOMA JT UNIFIED,120.00,50000,<BA,78356,10,103850,76000,185,2220.42,0.00
24,DELHI UNIFIED,113.00,56481,BA+30,92617,10,107620,76923,181,2458.62,3.00
25,MODOC COUNTY OFFICE OF ED.,11.00,41213,BA NC,61603,30,87111,65042,186,N/A,3.00
25,SURPRISE VALLEY JOINT UNIFIED,8.00,36414,BA+30,47494,5,58854,49739,184,111.66,2.00
25,MODOC JOINT UNIFIED,47.59,42143,BA+30,58002,30,86850,58658,185,788.24,3.00
25,TULELAKE BASIN JOINT UNIFIED,24.00,53334,EC,75027,10,90420,74220,185,386.90,0.00
26,MONO COUNTY OFFICE OF ED. (4),N/A,N/A,N/A,N/A,N/A,N/A,N/A,N/A,N/A,N/A
26,EASTERN SIERRA UNIFIED,37.00,46811,BA,73933,25,93918,69715,183,404.19,2.25
26,MAMMOTH UNIFIED,60.10,47522,BA<15,77885,15,95121,73119,182,1125.21,2.00
27,MONTEREY COUNTY OFFICE OF ED.,112.00,47066,BA,79020,15,102102,73786,184,N/A,0.00
27,ALISAL UNION ELEMENTARY,382.00,46838,BA,78497,16,106127,76157,188,8221.59,0.00
27,BRADLEY UNION ELEMENTARY,5.00,45500,BA<40,53150,6,73500,53750,183,65.40,0.00
27,CARMEL UNIFIED,176.90,66221,BA<30,118996,11,136002,103604,186,2385.37,2.50
27,CHUALAR UNION ELEMENTARY,16.00,42055,BA,57327,15,84423,67368,185,284.42,0.00
27,GRAVES ELEMENTARY,2.00,38199,BA NC,65656,5,71624,69237,183,40.24,0.00
27,GREENFIELD UNION ELEMENTARY,164.00,49944,BA NC,72226,30,121187,74712,186,3412.82,0.00
27,KING CITY UNION ELEMENTARY,135.00,44094,BA,73601,10,104197,71549,184,2523.42,6.00
27,SOUTH MONTEREY JOINT UNION HIGH,118.00,50685,BA,87092,12,124036,86270,185,2422.02,3.00
27,LAGUNITA ELEMENTARY,5.00,50000,BA+30,60998,5,81185,63092,185,89.80,4.00
27,MISSION UNION ELEMENTARY,8.00,50240,BA+PM,66660,1,79655,64975,183,120.95,2.50
27,MONTEREY PENINSULA UNIFIED,526.00,47383,I,68756,26,102800,69406,185,9396.19,-1.00
27,PACIFIC GROVE UNIFIED,134.00,61295,BA,109193,10,130561,101575,187,1909.92,2.27
27,SALINAS CITY ELEMENTARY,382.00,48903,BA,77633,15,97617,76938,187,8156.43,3.00
27,SALINAS UNION HIGH,729.00,48192,BA,86169,16,113115,83370,184,15388.60,0.00
27,SAN ANTONIO UNION ELEMENTARY (4),N/A,N/A,N/A,N/A,N/A,N/A,N/A,N/A,126.44,N/A
27,SAN ARDO UNION ELEMENTARY (4),N/A,N/A,N/A,N/A,N/A,N/A,N/A,N/A,107.34,N/A
27,SAN LUCAS UNION ELEMENTARY (4),N/A,N/A,N/A,N/A,N/A,N/A,N/A,N/A,70.66,N/A
27,SANTA RITA UNION ELEMENTARY,176.00,44081,BA,74024,7,97442,76510,185,3444.65,2.00
27,SPRECKELS UNION ELEMENTARY (4),N/A,N/A,N/A,N/A,N/A,N/A,N/A,N/A,958.70,N/A
27,WASHINGTON UNION ELEMENTARY,40.00,49573,BA,72491,11,90166,68340,184,844.72,0.00
27,NORTH MONTEREY COUNTY UNIFIED,199.00,49370,BA,77638,20,103541,75136,185,4341.97,0.00
27,BIG SUR UNIFIED,3.00,38783,BA+CR,47185,11,61668,46370,153,15.73,3.00
27,SOLEDAD UNIFIED,238.00,51877,BA<30,78098,16,111738,76945,186,4640.49,3.00
27,GONZALES UNIFIED,96.00,47026,BA NC,83517,16,111624,78047,185,2230.36,2.50
28,NAPA COUNTY OFFICE OF ED. (4),N/A,N/A,N/A,N/A,N/A,N/A,N/A,N/A,N/A,N/A
28,CALISTOGA JOINT UNIFIED,55.14,70758,EC/NC,112454,10,131662,106842,186,832.66,1.30
28,HOWELL MOUNTAIN ELEMENTARY (4),N/A,N/A,N/A,N/A,N/A,N/A,N/A,N/A,94.50,N/A
28,NAPA VALLEY UNIFIED,714.80,57271,BA NC,87717,10,104486,80289,185,16638.50,0.00
28,POPE VALLEY UNION ELEMENTARY (4),N/A,N/A,N/A,N/A,N/A,N/A,N/A,N/A,44.03,N/A
28,ST. HELENA UNIFIED,96.60,78250,CRED,139975,11,161559,112870,186,1177.19,4.00
29,NEVADA COUNTY OFFICE OF ED.,22.10,52899,SLS,65663,9,94695,71863,186,N/A,2.65
29,CHICAGO PARK ELEMENTARY (4),N/A,N/A,N/A,N/A,N/A,N/A,N/A,N/A,110.93,N/A
29,CLEAR CREEK ELEMENTARY,9.76,51669,BA+30,66271,6,87067,67581,186,172.52,2.00
29,GRASS VALLEY ELEMENTARY,77.05,51029,SLS,72097,6,87378,69613,186,1205.16,0.00
29,NEVADA CITY ELEMENTARY,41.00,52464,SLS,70719,6,90857,71711,186,648.18,5.00
29,NEVADA JOINT UNION HIGH,149.17,51354,BA,81121,24,98484,76165,185,2410.80,2.00
29,PLEASANT RIDGE UNION ELEMENTARY,54.77,46720,I,75768,5,94647,74801,186,1127.37,1.58
29,UNION HILL ELEMENTARY,38.29,46964,PV/I,71244,6,89608,68806,186,711.55,3.00
29,TWIN RIDGES ELEMENTARY (4),N/A,N/A,N/A,N/A,N/A,N/A,N/A,N/A,86.89,N/A
29,PENN VALLEY UNION ELEMENTARY,29.64,50548,BA+30,62186,6,87450,65198,184,513.19,3.00
30,ORANGE COUNTY OFFICE OF ED.,223.82,46153,BA+CR,104782,6,119630,84602,182,N/A,1.25
30,ANAHEIM ELEMENTARY,853.50,57927,BA,96606,25,115656,89377,185,15525.40,1.50
30,ANAHEIM UNION HIGH,1324.00,54602,CRED,98524,4,119824,93635,187,28386.40,3.00
30,BREA-OLINDA UNIFIED,280.00,46193,NC,84916,11,110443,81376,185,5857.86,0.50
30,BUENA PARK ELEMENTARY,218.27,51137,BA NC,98755,9,112049,84354,185,4236.42,2.00
30,CAPISTRANO UNIFIED,1978.40,55047,BA<45,92359,11,110260,78775,185,44604.00,0.00
30,CENTRALIA ELEMENTARY,196.60,47951,EC/I,94468,12,115108,83459,186,4053.81,0.75
30,CYPRESS ELEMENTARY,188.00,51292,BA+CR,91155,5,112169,83423,186,3693.45,0.00
30,FOUNTAIN VALLEY ELEMENTARY,278.20,49251,BA,93429,7,114027,92424,185,6139.57,2.00
30,FULLERTON ELEMENTARY,525.13,53803,BA NC,93395,11,115867,84751,185,12440.30,0.00
30,FULLERTON JOINT UNION HIGH,525.20,56832,BA NC,103870,9,122275,93914,185,13003.90,4.00
30,GARDEN GROVE UNIFIED,1855,61037,BA+CR,106047,25,119234,98794,185,40034.40,2.00
30,HUNTINGTON BEACH CITY ELEM.,257.86,49654,BA,98407,8,114069,86576,185,6230.50,0.00
30,HUNTINGTON BEACH UNION HIGH,666.80,57861,BA,100447,8,122808,98548,183,15226.20,1.00
30,LAGUNA BEACH UNIFIED,160.56,61409,BA,113421,5,143788,103348,187,2675.03,1.75
30,LA HABRA CITY ELEMENTARY,240.20,51465,BA+EC,94637,3,114573,86751,186,4449.59,0.50
30,MAGNOLIA ELEMENTARY,279.22,51999,BA+CR,100700,12,118043,86425,186,5446.41,3.00
30,NEWPORT-MESA UNIFIED,1007.96,54413,EC/I,100875,28,130439,93510,186,19214.90,0.00
30,OCEAN VIEW ELEMENTARY,399.45,43329,BA,90739,6,107278,79772,184,7463.73,0.00
30,ORANGE UNIFIED,1167.58,54515,BA+30,89626,11,111263,79004,185,23846.20,2.00
30,PLACENTIA-YORBA LINDA UNIFIED,1121.74,46889,BA,91200,6,114307,81659,185,23980.60,3.00
30,SANTA ANA UNIFIED,2299.59,60304,BA,99342,16,116846,90222,187,43665.20,2.00
30,SAVANNA ELEMENTARY,106.00,51699,BA+CR,93363,6,114210,86294,186,2013.12,0.00
30,WESTMINSTER ELEMENTARY,474.30,45653,BA NC,96505,30,115907,83972,186,8769.16,0.00
30,SADDLEBACK VALLEY UNIFIED,1126.44,30000,I,91978,24,114563,84706,184,25247.90,3.00
30,TUSTIN UNIFIED,945.97,53195,BA,91764,12,114221,85813,185,22653.50,0.00
30,IRVINE UNIFIED,1621.00,50071,EC,86958,13,115594,89426,186,35035.60,0.00
30,LOS ALAMITOS UNIFIED,411.00,52702,NC/I,104896,6,125961,98742,186,9436.75,0.00
31,PLACER COUNTY OFFICE OF ED.,51.00,46355,BA NC,86546,10,107664,79288,186,N/A,3.00
31,ACKERMAN ELEMENTARY,30.22,48965,BA,70834,6,89515,65519,182,573.00,2.50
31,ALTA-DUTCH FLAT UNION ELEM. (4),N/A,N/A,N/A,N/A,N/A,N/A,N/A,N/A,93.85,N/A
31,AUBURN UNION ELEMENTARY,95.00,36871,CRED,70377,10,89663,69526,185,1789.52,0.00
31,COLFAX ELEMENTARY (4),N/A,N/A,N/A,N/A,N/A,N/A,N/A,N/A,361.64,N/A
31,DRY CREEK JOINT ELEMENTARY,335.30,44250,BA,86103,24,103312,77223,185,6415.49,2.75
31,EUREKA UNION ELEMENTARY,168.93,46493,BA+CR,81424,10,95151,74439,184,3245.20,0.00
31,FORESTHILL UNION ELEMENTARY (4),N/A,N/A,N/A,N/A,N/A,N/A,N/A,N/A,392.25,N/A
31,LOOMIS UNION ELEMENTARY,119.53,46742,NC,75047,13,97807,70241,186,2416.01,0.00
31,NEWCASTLE ELEMENTARY,22.60,44136,BA NC,77109,8,93829,66387,184,451.68,2.50
31,PLACER HILLS ELEMENTARY,37.60,39724,NC,71755,8,89094,62451,186,719.59,3.00
31,PLACER UNION HIGH,165.50,47204,CTE,84629,23,100700,73192,184,3775.62,0.00
31,ROSEVILLE CITY ELEMENTARY,579.43,45217,EC/I,87043,6,102743,88246,189,10950.00,0.00
31,ROSEVILLE JOINT UNION HIGH,481.00,55974,BA+30,91127,27,108986,83212,186,9988.30,1.00
31,TAHOE-TRUCKEE UNIFIED,287.88,55856,,86793,9,114475,80425,185,3670.84,2.00
31,WESTERN PLACER UNIFIED (4),N/A,N/A,N/A,N/A,N/A,N/A,N/A,N/A,6946.71,N/A
31,ROCKLIN UNIFIED,559.58,42930,EC/I,88507,13,102655,75842,186,11705.30,0.00
32,PLUMAS COUNTY OFFICE OF ED. (5),N/A,N/A,N/A,N/A,N/A,N/A,N/A,N/A,N/A,N/A
32,PLUMAS UNIFIED,115.34,39797,BA NC,64037,10,88978,62771,184,1699.56,2.00
33,RIVERSIDE COUNTY OFFICE OF ED.,327.00,39893,BA+PM,76920,12,136265,81634,185,N/A,0.00
33,ALVORD UNIFIED,749.00,54735,BA NO,100596,15,119163,83750,185,17355.00,0.00
33,BANNING UNIFIED (4),N/A,N/A,N/A,N/A,N/A,N/A,N/A,N/A,4274.55,N/A
33,BEAUMONT UNIFIED,457.40,52021,BA,83000,16,107585,78847,185,10301.70,0.00
33,CORONA-NORCO UNIFIED,2399.80,64344,BA<45,103360,11,120294,87157,185,50642.50,0.00
33,DESERT CENTER UNIFIED,2.00,51080,BA,88380,22,103516,76000,185,25.51,0.00
33,DESERT SANDS UNIFIED,1250.80,53390,BA,91751,11,107545,86479,184,26623.99,0.50
33,HEMET UNIFIED,993.80,50314,BA,90768,13,112313,78569,186,21210.05,2.00
33,JURUPA UNIFIED,947.65,56330,BA<45,94097,13,111840,83375,184,18261.50,0.00
33,MENIFEE UNION ELEMENTARY,466.10,45549,EC/I,88207,26,108630,77025,184,10274.40,1.00
33,MORENO VALLEY UNIFIED,1518.20,56380,BA,89839,11,112767,83782,184,30392.01,0.00
33,NUVIEW UNION ELEMENTARY,92.00,55451,BA+15,89902,14,112357,83785,184,2115.02,0.00
33,PALM SPRINGS UNIFIED,1144.00,55137,BA,91322,13,111829,80534,184,21152.76,0.00
33,PALO VERDE UNIFIED,123.00,53195,BA,81309,16,107430,78955,185,2728.10,0.00
33,PERRIS ELEMENTARY,268.00,50173,BA,92256,11,116308,90056,185,4465.13,2.00
33,PERRIS UNION HIGH,385.00,61818,BA<45,101090,26,117015,93987,186,9122.23,2.00
33,RIVERSIDE UNIFIED,1780.40,60289,BA<45,96806,14,116293,88920,185,39067.20,0.00
33,ROMOLAND ELEMENTARY,187.00,53258,BA,90139,12,112070,86887,184,4001.33,0.00
33,SAN JACINTO UNIFIED,492.00,52532,BA,82677,13,110429,77030,186,9645.14,0.00
33,COACHELLA VALLEY UNIFIED,805.00,53870,BA,96800,11,111614,83945,184,16687.00,0.00
33,LAKE ELSINORE UNIFIED,1004.60,46756,I,93951,8,114032,83138,184,20014.50,1.00
33,TEMECULA VALLEY UNIFIED,1224.70,49528,BA,91542,13,110608,82573,184,26736.10,0.00
33,MURRIETA VALLEY UNIFIED,986.00,49477,BA,92613,8,115072,81929,184,22340.00,0.00
33,VAL VERDE UNIFIED,869.00,56560,BA+15,93202,12,121100,91707,186,19126.90,3.50
34,SACRAMENTO COUNTY OFFICE OF ED,115.31,55718,BA+CR,84503,12,97695,80303,185,N/A,2.00
34,ARCOHE UNION ELEMENTARY,27.00,44766,BA,71876,8,85009,71929,185,458.13,2.00
34,ELK GROVE UNIFIED,3132.21,47193,BA,80979,16,98138,67621,184,61037.41,0.00
34,ELVERTA JOINT ELEMENTARY (4),N/A,N/A,N/A,N/A,N/A,N/A,N/A,N/A,206.21,N/A
34,FOLSOM-CORDOVA UNIFIED,958.00,42116,EC/I,80585,10,98654,72125,184,19761.57,3.50
34,GALT JOINT UNION ELEMENTARY,178.80,44994,BA,80052,12,95393,72037,186,3402.26,2.00
34,GALT JOINT UNION HIGH,103.55,40399,BA EC,80829,11,101713,76730,183,2075.06,0.00
34,RIVER DELTA JOINT UNIFIED,114.50,47060,BA,59963,25,83817,63397,183,1856.11,0.00
34,ROBLA ELEMENTARY (4),N/A,N/A,N/A,N/A,N/A,N/A,N/A,N/A,1964.58,N/A
34,SACRAMENTO CITY UNIFIED,2214.96,47335,BA NC,83404,20,102090,52444,183,39942.77,0.00
34,SAN JUAN UNIFIED,2181.00,46561,BA<30,78226,11,94014,69093,186,37437.10,0.00
34,CENTER JOINT UNIFIED,211.00,45454,BA,76929,16,98571,69942,184,4024.39,2.00
34,NATOMAS UNIFIED,532.00,48112,PM/I,75993,28,100734,69535,183,10008.80,3.00
34,TWIN RIVERS UNIFIED,1223.00,52187,BA+CR,80769,11,101734,73811,186,21650.60,0.00
35,SAN BENITO COUNTY OFFICE OF ED,14.00,49413,BA+30,74834,8,90717,76383,185,N/A,0.00
35,BITTERWATER-TULLY JOINT UNION (4),N/A,N/A,N/A,N/A,N/A,N/A,N/A,N/A,38.27,N/A
35,CIENEGA UNION ELEMENTARY (4),N/A,N/A,N/A,N/A,N/A,N/A,N/A,N/A,30.36,N/A
35,HOLLISTER ELEMENTARY (4),N/A,N/A,N/A,N/A,N/A,N/A,N/A,N/A,5305.00,N/A
35,JEFFERSON ELEMENTARY (4),N/A,N/A,N/A,N/A,N/A,N/A,N/A,N/A,5.44,N/A
35,NORTH COUNTY JOINT UNION ELEM.,36.00,56346,BA,79852,30,95755,73590,187,723.83,0.00
35,PANOCHE ELEMENTARY (4),N/A,N/A,N/A,N/A,N/A,N/A,N/A,N/A,3.82,N/A
35,SAN BENITO HIGH,124.20,55746,BA PC,81903,11,106218,80982,186,3035.35,1.00
35,SOUTHSIDE ELEMENTARY (4),N/A,N/A,N/A,N/A,N/A,N/A,N/A,N/A,193.79,N/A
35,TRES PINOS UNION ELEMENTARY (4),N/A,N/A,N/A,N/A,N/A,N/A,N/A,N/A,87.17,N/A
35,WILLOW GROVE UNION ELEM. (4),N/A,N/A,N/A,N/A,N/A,N/A,N/A,N/A,9.08,N/A
35,AROMAS/SAN JUAN UNIFIED,47.70,49214,BA,77212,13,103188,72612,184,958.41,1.00
36,SAN BERNARDINO CO. OFFICE OF ED.,248.00,51791,BA,92960,11,110613,90347,182,N/A,1.75
36,ADELANTO ELEMENTARY,384.00,54044,BA,88821,13,115912,80983,183,7670.58,1.00
36,ALTA LOMA ELEMENTARY,261.00,50637,BA,88464,6,112814,84553,185,5816.21,2.00
36,BARSTOW UNIFIED,291.00,49130,BA,76469,8,106789,73005,185,5989.71,0.00
36,BEAR VALLEY UNIFIED,113.00,48859,BA+15,84525,11,98993,77795,185,2212.21,5.00
36,CENTRAL ELEMENTARY,232.76,43343,BA,78324,8,97329,76601,185,4281.79,2.50
36,CHAFFEY UNION HIGH,970.00,52910,BA,107798,9,125397,96296,182,22610.90,2.00
36,CHINO UNIFIED,1261.00,50914,BA,88458,27,106608,79938,183,26373.10,1.00
36,COLTON JOINT UNIFIED,1332.00,52385,NC,87236,9,107291,83107,185,20338.70,2.00
36,CUCAMONGA ELEMENTARY,132.00,53000,BA CR,90170,8,105657,83704,182,2327.00,4.00
36,ETIWANDA ELEMENTARY,635.97,53773,BA,89753,6,114050,83685,185,13608.30,2.00
36,FONTANA UNIFIED,1870.00,50645,BA NC,89523,10,109766,81674,186,34702.70,0.00
36,HELENDALE ELEMENTARY,53.93,40881,I,80577,20,106421,73980,186,633.29,0.00
36,MORONGO UNIFIED,411.00,51785,BA,81439,10,109119,81033,184,7923.54,0.00
36,MOUNTAIN VIEW ELEMENTARY,115.00,51021,BA+15,88040,8,101250,85362,184,2451.00,0.00
36,MT. BALDY JOINT ELEMENTARY (4),N/A,N/A,N/A,N/A,N/A,N/A,N/A,N/A,101.88,N/A
36,NEEDLES UNIFIED,50.00,52073,BA,79306,7,95711,73588,184,929.92,1.00
36,ONTARIO-MONTCLAIR ELEMENTARY,1079.17,48998,BA,92419,9,105113,87146,184,19389.80,0.00
36,ORO GRANDE ELEMENTARY,254.00,53560,I,61107,5,95395,67876,185,4719.36,2.00
36,REDLANDS UNIFIED,1123,51965,BA<15,88816,11,109075,82615,185,19810.30,0.00
36,RIALTO UNIFIED,1211.00,52092,CTE,87067,15,107677,79417,184,24043.80,0.00
36,RIM OF THE WORLD UNIFIED,144.90,47126,COLI/,75875,10,102467,76002,185,2916.56,2.25
36,SAN BERNARDINO CITY UNIFIED,2645.00,56455,BA,92596,16,113646,84896,186,45872.00,2.00
36,TRONA JOINT UNIFIED,81.00,53873,BA,77960,30,107354,77666,183,229.27,0.00
36,VICTOR ELEMENTARY,540.00,57014,BA+EC,90797,6,121607,85431,186,11708.40,2.00
36,VICTOR VALLEY UNION HIGH,469.00,53527,BA,92831,7,119668,89284,183,10240.80,0.00
36,YUCAIPA-CALIMESA JOINT UNIFIED,418.71,50454,BA,90026,28,108250,84791,185,8371.87,0.00
36,BAKER VALLEY UNIFIED,13.00,48415,BA,62702,1,87444,69029,182,113.73,0.00
36,SILVER VALLEY UNIFIED,134.00,49933,BA,71391,7,105996,73006,184,2036.64,3.00
36,SNOWLINE JOINT UNIFIED,364.00,48180,BA,82672,11,104098,81780,185,7099.79,0.00
36,HESPERIA UNIFIED,1007.80,55410,EC,87607,11,110822,87810,184,20924.90,0.00
36,LUCERNE VALLEY UNIFIED,55.00,49267,BA,74185,10,104816,78536,187,858.53,2.00
36,UPLAND UNIFIED,555.00,50522,BA+30,84504,13,103767,80073,184,10115.80,2.00
36,APPLE VALLEY UNIFIED,648.00,50170,BA+EC,84820,10,117312,80828,184,12507.70,1.00
37,SAN DIEGO COUNTY OFFICE OF ED.,216.00,51751,BA,99052,8,129152,89538,190,N/A,0.00
37,ALPINE UNION ELEMENTARY,80.50,47798,BA<30,73253,15,98333,68234,185,1563.81,0.00
37,BORREGO SPRINGS UNIFIED (4),N/A,N/A,N/A,N/A,N/A,N/A,N/A,N/A,352.61,N/A
37,CAJON VALLEY UNION ELEMENTARY,860.00,48026,BA,81971,11,111899,82200,186,15655.90,2.00
37,CARDIFF ELEMENTARY,41.40,55519,BA<45,92042,6,114858,83899,185,615.75,2.50
37,CHULA VISTA ELEMENTARY,1378.00,52430,BA,85506,6,105363,79101,185,22421.30,1.50
37,CORONADO UNIFIED,154.50,46584,BA,82106,11,104348,75582,186,2951.41,1.54
37,DEHESA ELEMENTARY,8.00,43356,BA,61925,10,94889,69416,185,133.37,2.50
37,DEL MAR UNION ELEMENTARY,287.00,58356,BA,96056,40,114019,91198,185,4012.71,0.00
37,ENCINITAS UNION ELEMENTARY,298.40,49527,BA<45,86031,7,121065,81627,185,5073.39,3.00
37,ESCONDIDO UNION ELEMENTARY,949.05,43756,I,80366,11,104471,78545,187,14235.70,0.00
37,ESCONDIDO UNION HIGH,342.60,51569,BA,85101,11,110683,78332,185,6852.89,1.74
37,FALLBROOK UNION ELEMENTARY,285,52631,BA<25,81012,10,109662,82265,183,5064.20,0.00
37,FALLBROOK UNION HIGH,103.20,46104,BA,85881,28,111063,87443,183,2026.42,2.50
37,GROSSMONT UNION HIGH,778.80,51402,BA,89115,25,107581,80779,185,15877.70,3.25
37,JAMUL-DULZURA UNION ELEMENTARY,26.00,43584,BA,70917,12,92419,64907,185,545.93,0.00
37,JULIAN UNION ELEMENTARY (4),N/A,N/A,N/A,N/A,N/A,N/A,N/A,N/A,257.95,N/A
37,JULIAN UNION HIGH (4),N/A,N/A,N/A,N/A,N/A,N/A,N/A,N/A,100.78,N/A
37,LAKESIDE UNION ELEMENTARY,272.51,49706,BA,77299,11,110824,73960,184,4806.12,0.00
37,LA MESA-SPRING VALLEY ELEM.,567.55,58705,BA,89200,25,109299,75510,188,11218.40,1.00
37,LEMON GROVE ELEMENTARY,227.08,57325,BA+CR,78886,12,108851,76256,185,3242.97,0.00
37,MOUNTAIN EMPIRE UNIFIED,116.00,45555,BA,61021,20,89579,58168,183,1611.98,0.00
37,NATIONAL ELEMENTARY,272.00,50053,BA+15,86117,26,107489,74436,185,4819.55,1.00
37,POWAY UNIFIED,1530.07,49682,BA+15,85042,10,107628,72742,186,35361.10,0.00
37,RAMONA CITY UNIFIED,231.87,45094,BA,76739,30,101963,77310,185,5135.65,0.00
37,RANCHO SANTA FE ELEMENTARY,50.71,55066,BA+30,88400,5,112932,83066,184,539.48,0.00
37,SAN DIEGO CITY UNIFIED,5485.60,48792,BA,87535,17,103272,74140,184,97695.10,0.00
37,SAN DIEGUITO UNION HIGH,563.00,64557,BA,109020,3,132169,107956,186,12750.00,0.00
37,SAN PASQUAL UNION ELEMENTARY,27.53,50378,BA<30,76560,10,100492,69407,185,540.01,0.00
37,SANTEE ELEMENTARY,384.00,43819,BA,80618,11,106919,76902,185,6568.47,0.00
37,SAN YSIDRO ELEMENTARY,225.00,51894,BA+CR,89209,25,102632,77689,186,4203.10,0.00
37,SOLANA BEACH ELEMENTARY,213.00,54365,BA+30,93124,5,117725,87159,185,2870.29,2.00
37,SOUTH BAY UNION ELEMENTARY,346.20,46929,BA,92641,6,108280,80474,185,4661.53,2.00
37,SPENCER VALLEY ELEMENTARY (4),N/A,N/A,N/A,N/A,N/A,N/A,N/A,N/A,43.52,N/A
37,SWEETWATER UNION HIGH,1679.17,46605,BA NC,89408,26,104592,79896,184,36360.40,0.00
37,VALLECITOS ELEMENTARY,13.00,42645,BA,74302,16,91456,62909,184,186.15,0.00
37,VISTA UNIFIED,1098.00,50314,BA,84177,11,105457,79971,186,19436.90,0.82
37,CARLSBAD UNIFIED,541.36,50363,CRED,87175,11,114425,84358,185,11012.50,0.00
37,OCEANSIDE CITY UNIFIED,825.53,46595,BA,84649,11,103976,78880,185,16289.80,0.00
37,SAN MARCOS UNIFIED,1079.00,43129,BA,86950,11,109036,86253,184,20062.90,2.00
37,WARNER UNIFIED (4),N/A,N/A,N/A,N/A,N/A,N/A,N/A,N/A,188.57,N/A
37,VALLEY CENTER-PAUMA UNIFIED,214.23,45287,BA NC,81954,8,101666,85140,184,3736.07,0.00
37,BONSALL UNIFIED,128.50,51016,BA,76093,30,100110,72298,183,2373.94,2.50
38,SAN FRANCISCO CO. OFFICE OF ED (5),N/A,N/A,N/A,N/A,N/A,N/A,N/A,N/A,N/A,N/A
38,SAN FRANCISCO UNIFIED,3647.85,54289,EC/I,84756,11,110750,88732,184,50226.60,0.00
39,SAN JOAQUIN COUNTY OFFICE OF ED,275.50,50698,BA+15,70917,28,98539,75182,183,N/A,3.00
39,BANTA ELEMENTARY,14.00,52287,BA<45,74961,9,97592,73079,183,296.66,2.50
39,ESCALON UNIFIED,143.90,48044,BA,80420,28,104618,73379,184,2928.92,0.00
39,JEFFERSON ELEMENTARY,94.00,45401,BA,77781,15,93685,72856,183,2206.56,0.00
39,LINCOLN UNIFIED,486.32,52253,BA,75499,12,101553,74204,185,8434.19,0.00
39,LINDEN UNIFIED,108.33,49026,BA,74953,13,95834,75596,186,2245.99,3.50
39,LODI UNIFIED,1468.35,45433,BA EC,78335,25,101051,72182,185,27027.91,0.00
39,MANTECA UNIFIED,1155,54455,BA+15,81482,28,104246,77756,186,22687.50,0.00
39,NEW HOPE ELEMENTARY,13.00,41232,BA+I,67603,25,83231,60719,184,179.47,0.00
39,NEW JERUSALEM ELEMENTARY,10.00,43743,BA+30,58728,30,77945,63678,184,23.89,0.00
39,OAK VIEW UNION ELEMENTARY,21.59,43585,I,71989,33,94165,70143,187,378.38,2.50
39,RIPON UNIFIED,166.60,48173,BA+12,72627,25,93892,69596,184,3271.08,0.00
39,STOCKTON CITY UNIFIED,1803.75,51718,NC,78580,17,99119,78681,187,34740.16,2.00
39,TRACY JOINT UNIFIED,653.80,52219,BA EC,82453,15,101195,76968,183,13925.60,0.00
39,LAMMERSVILLE JOINT UNIFIED,268.60,53733,NC,78488,16,110235,82461,184,5931.08,3.00
40,SAN LUIS OBISPO CO. OFFICE OF,28.45,45931,PC/EC,72292,20,90800,67564,186,N/A,1.00
40,ATASCADERO UNIFIED,231.39,46986,BA<45,68577,14,88435,65186,185,4405.77,0.00
40,CAYUCOS ELEMENTARY,19.00,48075,BA,71280,10,102380,74304,186,179.39,1.00
40,LUCIA MAR UNIFIED,567.05,48551,BA,70611,13,94292,69538,184,9805.53,0.00
40,PLEASANT VALLEY JOINT UNION EL,5.00,39289,BA,61814,8,92249,62082,185,56.28,1.00
40,SAN LUIS COASTAL UNIFIED,344.85,49367,BA<45,82252,11,103731,73737,186,7262.05,2.00
40,SAN MIGUEL JOINT UNION ELEMENT (4),N/A,N/A,N/A,N/A,N/A,N/A,N/A,N/A,604.68,N/A
40,SHANDON JOINT UNIFIED,20.00,45501,BA,62569,9,79098,63529,184,270.23,0.00
40,TEMPLETON UNIFIED,126.00,39527,BA NC,73593,12,93719,68779,185,2314.29,0.00
40,PASO ROBLES JOINT UNIFIED,318.15,47627,BA,72736,8,90556,69926,185,6471.28,0.00
40,COAST UNIFIED,42.00,44008,I,78831,9,99527,76310,184,550.92,2.00
41,SAN MATEO COUNTY OFFICE OF ED.,63.00,50362,BA,105124,12,120342,95849,183,N/A,3.00
41,BAYSHORE ELEMENTARY (4),N/A,N/A,N/A,N/A,N/A,N/A,N/A,N/A,380.18,N/A
41,BELMONT-REDWOOD SHORES ELEM.,210.17,61515,BA+30,93324,16,116149,90170,185,4176.74,2.00
41,BRISBANE ELEMENTARY (4),N/A,N/A,N/A,N/A,N/A,N/A,N/A,N/A,450.56,N/A
41,BURLINGAME ELEMENTARY,170.00,52105,NC,85423,12,104260,86796,185,3408.39,0.00
41,CABRILLO UNIFIED,145.00,53045,BA+ 0,81034,27,106090,76868,185,2961.25,3.00
41,HILLSBOROUGH CITY ELEMENTARY,111.31,67228,BA,119023,7,147420,112648,186,1243.78,3.50
41,JEFFERSON ELEMENTARY,279.00,57362,BATO,83048,9,104455,78106,184,5639.93,0.00
41,JEFFERSON UNION HIGH,239.00,53069,BA+30,75038,12,93536,73597,182,4104.76,2.00
41,PACIFICA SCHOOL DISTRICT (4),N/A,N/A,N/A,N/A,N/A,N/A,N/A,N/A,2982.79,N/A
41,LA HONDA-PESCADERO UNIFIED,25.00,59302,BA,87993,11,106639,85364,187,289.19,6.00
41,LAS LOMITAS ELEMENTARY,79.00,63824,BA+30,114983,20,128414,100706,188,1094.40,0.00
41,MENLO PARK CITY ELEMENTARY,184.46,67459,BA,119736,22,133788,109218,189,2665.39,2.50
41,MILLBRAE ELEMENTARY,112.00,55035,BA+30,85508,11,107345,83328,184,2263.57,2.00
41,PORTOLA VALLEY ELEMENTARY,48.01,64108,BA<45,106714,12,132969,84555,186,486.64,0.00
41,RAVENSWOOD CITY ELEMENTARY,123.00,51823,BA+EC,74431,23,96818,74136,186,1916.16,0.00
41,REDWOOD CITY ELEMENTARY,361.99,55266,BA+30,87469,11,107557,84553,187,6865.93,4.00
41,SAN BRUNO PARK ELEMENTARY,106.00,44293,BA,74637,10,89220,77236,185,2328.55,0.00
41,SAN CARLOS ELEMENTARY,153.00,55337,BA+30,87160,14,105092,81797,186,2930.25,2.00
41,SAN MATEO-FOSTER CITY ELEM.,636.83,57178,BA+30,89792,22,112402,88388,186,11153.90,1.52
41,SAN MATEO UNION HIGH,507.40,71432,BA,116526,7,135718,115228,187,8747.58,2.00
41,SEQUOIA UNION HIGH,622.30,70979,BA,110728,12,131387,108151,187,8386.73,2.50
41,SOUTH SAN FRANCISCO UNIFIED,473.58,58043,BA+CR,82932,12,108128,84262,186,7975.79,3.00
41,WOODSIDE ELEMENTARY,39.00,68786,BA<45,117723,10,136462,98079,186,323.72,5.75
42,SANTA BARBARA CO. OFFICE OF ED,80.59,48939,BA+CR,89125,25,107872,79817,184,N/A,1.00
42,BALLARD ELEMENTARY,7.50,59807,BA+CR,105846,6,117817,101308,184,138.02,2.50
42,BLOCHMAN UNION ELEMENTARY,10.00,43309,BA,63880,5,90486,67304,184,200.91,2.00
42,SANTA MARIA-BONITA ELEMENTARY,859.00,48140,NC,87164,6,108805,87181,186,16346.30,0.00
42,BUELLTON UNION ELEMENTARY,49.60,42853,BA+CR,69451,6,94226,77034,183,653.85,2.00
42,CARPINTERIA UNIFIED,134.20,45474,BA+30,71983,14,93400,72299,183,2045.75,0.00
42,COLD SPRING ELEMENTARY,15.80,53714,BA+30,99510,8,114710,86767,186,160.88,0.50
42,COLLEGE ELEMENTARY (4),N/A,N/A,N/A,N/A,N/A,N/A,N/A,N/A,169.68,N/A
42,GOLETA UNION ELEMENTARY,186.00,55453,BA<45,96760,7,113675,96743,185,3490.66,3.00
42,GUADALUPE UNION ELEMENTARY,70.00,49186,BA,84854,11,106568,79458,184,1236.89,3.00
42,HOPE ELEMENTARY,48.70,48085,BA,91579,5,106246,84345,184,894.43,3.00
42,LOMPOC UNIFIED,393.00,53028,BA<15,79786,16,98735,80006,185,9098.77,0.00
42,LOS OLIVOS ELEMENTARY,9.00,45225,BA+12,78467,5,93929,75375,183,139.94,2.00
42,MONTECITO UNION ELEMENTARY,37.93,55887,BA,121534,7,141413,105068,185,353.63,0.00
42,ORCUTT UNION ELEMENTARY,236.00,46459,BA,78288,20,101044,73924,185,4884.05,1.00
42,SANTA MARIA JOINT UNION HIGH,439.20,49286,BA,89577,6,107040,89402,185,8385.80,0.00
42,SANTA YNEZ VALLEY UNION HIGH,49.16,50378,BA,81611,6,98611,77590,181,853.20,0.00
42,SOLVANG ELEMENTARY,26.00,48134,BA+CR,72480,10,96620,70571,185,600.04,2.50
42,VISTA DEL MAR UNION ELEM. (4),N/A,N/A,N/A,N/A,N/A,N/A,N/A,N/A,18.67,N/A
42,CUYAMA JOINT UNIFIED (4),N/A,N/A,N/A,N/A,N/A,N/A,N/A,N/A,190.26,N/A
42,SANTA BARBARA UNIFIED,661.00,52816,BA<45,81236,11,96363,83558,186,12460.80,2.00
43,SANTA CLARA COUNTY OFFICE OF ED,222.30,63897,BA,109731,20,122730,99346,185,N/A,3.00
43,ALUM ROCK UNION ELEMENTARY,468.55,59197,BA<10,91067,11,109665,92160,185,8390.03,0.00
43,BERRYESSA UNION ELEMENTARY,332.40,61298,BA+30,95288,11,122864,89923,184,6634.07,0.00
43,CAMBRIAN ELEMENTARY,159.00,62388,BA+30,90409,16,109328,87441,185,3270.88,0.00
43,CAMPBELL UNION ELEMENTARY,370.00,64698,PM/I,95045,11,113504,96855,185,6729.65,4.00
43,CAMPBELL UNION HIGH,366.00,58250,BA<30,88247,14,109724,86894,182,8204.64,0.00
43,CUPERTINO UNION ELEMENTARY,739.47,61648,EC/I,91772,15,116900,90619,187,16320.30,0.00
43,EAST SIDE UNION HIGH,1139.80,61991,BA,100753,9,125613,97975,182,21771.20,3.00
43,EVERGREEN ELEMENTARY,456.00,58271,BA,98007,6,108951,94292,184,10097.70,0.00
43,FRANKLIN-MCKINLEY ELEMENTARY,317.50,55315,BA,95813,12,110795,95623,184,6573.30,2.00
43,FREMONT UNION HIGH,487.20,79092,BA,116854,28,133842,112786,185,10678.30,5.55
43,GILROY UNIFIED,492.00,56138,BA+CR,85610,19,105058,82697,186,10615.80,4.25
43,LAKESIDE JOINT ELEMENTARY (4),N/A,N/A,N/A,N/A,N/A,N/A,N/A,N/A,72.17,N/A
43,LOMA PRIETA JOINT ELEMENTARY,27.90,51250,NC,76615,22,96070,70683,185,473.99,0.00
43,LOS ALTOS ELEMENTARY,231.60,59594,BA+45,92352,15,109888,87868,186,3897.68,2.00
43,LOS GATOS UNION ELEMENTARY,151.60,63915,NC,113011,11,127330,101155,184,2882.84,4.00
43,LOS GATOS-SARATOGA JOINT UNION,177.60,67755,BA,113819,13,134375,103780,187,3422.45,0.00
43,LUTHER BURBANK ELEMENTARY,25.00,56437,BA NC,95418,10,113565,92057,184,492.91,2.00
43,MORELAND ELEMENTARY,211.00,59078,BA+30,87838,30,110324,83075,185,4555.14,0.00
43,MORGAN HILL UNIFIED,392.80,50809,I,83657,15,108761,85955,185,7961.51,1.50
43,MOUNTAIN VIEW-WHISMAN ELEM.,284.01,68535,BA+30,95101,19,122872,100224,187,4916.06,4.00
43,MOUNTAIN VIEW-LOS ALTOS UNION,266.50,88066,BA,145192,13,166410,140135,186,4223.48,4.25
43,MT. PLEASANT ELEMENTARY,101.00,59766,BA+30,86302,16,115745,82701,185,2012.79,0.00
43,OAK GROVE ELEMENTARY,453.00,53709,BA,86461,18,103129,84060,186,9415.24,0.00
43,ORCHARD ELEMENTARY,46.20,63677,BA+30,93639,12,113790,95853,185,823.59,3.25
43,PALO ALTO UNIFIED,802.22,69402,BA,119703,12,140039,110480,187,10701.40,3.00
43,SAN JOSE UNIFIED,1639.46,57426,PC,80901,15,106998,84048,186,27502.20,0.00
43,SANTA CLARA UNIFIED,886.75,77556,BA+30,119826,12,138993,117240,188,14597.40,3.00
43,SARATOGA UNION ELEMENTARY,104.17,65276,NC/I,109161,12,126509,99787,186,1674.24,3.00
43,SUNNYVALE ELEMENTARY,362.40,69388,BA<45,103145,30,130339,100521,187,6184.84,5.00
43,UNION ELEMENTARY,263.00,66503,EC/I,94701,28,115932,90029,185,5718.05,2.25
43,MILPITAS UNIFIED,480.20,63964,BA,96272,11,127391,100668,186,9989.80,4.00
44,SANTA CRUZ COUNTY OFFICE OF ED,74.00,45126,PM/I,76271,25,94237,70451,185,N/A,2.00
44,SANTA CRUZ CITY SCHOOLS,329.56,49038,BA NC,79005,12,102719,77198,186,6141.59,0.00
44,BONNY DOON ELEMENTARY,8.50,52537,BA+15,70981,29,100450,69687,185,134.79,2.00
44,HAPPY VALLEY ELEMENTARY,6.20,41476,BA,70994,16,91053,68747,184,109.37,2.00
44,LIVE OAK ELEMENTARY (4),N/A,N/A,N/A,N/A,N/A,N/A,N/A,N/A,1578.86,N/A
44,MOUNTAIN ELEMENTARY,8.63,49952,BA+30,72562,7,89902,67547,185,144.96,2.00
44,PACIFIC ELEMENTARY,7.49,43000,BA+30,57527,27,70000,57150,185,111.65,0.00
44,PAJARO VALLEY JOINT UNIFIED,1039,46666,BA+CR,67516,17,90640,64722,186,16657.00,0.00
44,SAN LORENZO VALLEY UNIFIED,122.90,45912,BA,74916,32,95629,69472,187,2466.45,0.00
44,SOQUEL ELEMENTARY,101.00,37442,BA NC,67782,15,85742,64026,185,1817.19,0.00
44,SCOTTS VALLEY UNIFIED,102.00,42419,NC,64857,13,82448,62707,186,2352.45,1.00
45,SHASTA COUNTY OFFICE OF ED. (4),N/A,N/A,N/A,N/A,N/A,N/A,N/A,N/A,N/A,N/A
45,ANDERSON UNION HIGH,96.00,40953,I,73534,21,98137,71463,183,1533.14,3.40
45,BELLA VISTA ELEMENTARY (4),N/A,N/A,N/A,N/A,N/A,N/A,N/A,N/A,335.98,N/A
45,BLACK BUTTE UNION ELEMENTARY,11.00,42524,I,73974,15,89988,60629,186,212.71,4.00
45,CASCADE UNION ELEMENTARY,62.00,47060,BA+30,65641,11,88865,64511,184,1035.77,3.00
45,CASTLE ROCK UNION ELEMENTARY (4),N/A,N/A,N/A,N/A,N/A,N/A,N/A,N/A,62.17,N/A
45,COLUMBIA ELEMENTARY,36.00,44381,BA+I,71405,10,85305,63096,186,735.23,2.00
45,COTTONWOOD UNION ELEMENTARY,48.00,47029,BA+30,67335,12,87361,67705,184,898.54,2.00
45,ENTERPRISE ELEMENTARY,202.80,48540,BA+30,76629,11,99666,76540,185,3686.27,0.00
45,FALL RIVER JOINT UNIFIED,72.00,47808,BA+30,66334,12,89378,65982,183,1115.22,2.20
45,FRENCH GULCH-WHISKEYTOWN ELEM. (4),N/A,N/A,N/A,N/A,N/A,N/A,N/A,N/A,24.21,N/A
45,GRANT ELEMENTARY,30.93,46818,BA,76688,10,89319,67955,185,609.74,2.00
45,HAPPY VALLEY UNION ELEMENTARY,29.00,34171,I,61661,22,79958,61446,185,463.83,0.00
45,IGO ONO PLATINA UNION ELEM.,2.00,46942,BA+CR,61339,11,70817,57757,183,32.95,5.00
45,INDIAN SPRINGS ELEMENTARY,N/A,N/A,N/A,N/A,N/A,N/A,N/A,N/A,13.71,N/A
45,JUNCTION ELEMENTARY,17.00,35074,BA+30,61330,10,82321,61775,185,317.81,3.00
45,MILLVILLE ELEMENTARY,11.86,45000,BA+CR,66644,6,82030,60950,185,258.36,0.00
45,NORTH COW CREEK ELEMENTARY,13.60,42951,I,69025,5,88888,69858,186,248.73,2.50
45,OAK RUN ELEMENTARY (4),N/A,N/A,N/A,N/A,N/A,N/A,N/A,N/A,47.63,N/A
45,PACHECO UNION ELEMENTARY,43.00,47983,BA+30,61901,30,91512,63887,184,624.28,3.00
45,REDDING ELEMENTARY,149.00,51431,BA+CR,71976,16,94498,73542,185,2808.57,2.50
45,SHASTA UNION ELEMENTARY,6.90,42613,BA+CR,58308,9,71854,59477,184,137.19,2.00
45,SHASTA UNION HIGH,184.00,44620,BA/DS,80958,7,100488,74961,184,4016.00,3.00
45,WHITMORE UNION ELEMENTARY (4),N/A,N/A,N/A,N/A,N/A,N/A,N/A,N/A,45.15,N/A
45,MOUNTAIN UNION ELEMENTARY (4),N/A,N/A,N/A,N/A,N/A,N/A,N/A,N/A,68.21,N/A
45,GATEWAY UNIFIED,125.00,39565,NC,70497,30,92728,67275,184,2075.84,2.00
46,SIERRA COUNTY OFFICE OF ED. (5),N/A,N/A,N/A,N/A,N/A,N/A,N/A,N/A,N/A,N/A
46,SIERRA-PLUMAS JOINT UNIFIED,28.47,38647,BA,61912,16,87570,58989,182,409.30,0.00
47,SISKIYOU COUNTY OFFICE OF ED.,25.00,42648,BA,68229,25,83037,65709,185,N/A,3.00
47,BIG SPRINGS UNION ELEMENTARY,10.00,41020,BA+30,46375,22,68373,52485,180,168.60,0.00
47,BOGUS ELEMENTARY (4),N/A,N/A,N/A,N/A,N/A,N/A,N/A,N/A,16.09,N/A
47,BUTTEVILLE UNION ELEMENTARY (4),N/A,N/A,N/A,N/A,N/A,N/A,N/A,N/A,175.05,N/A
47,DELPHIC ELEMENTARY (4),N/A,N/A,N/A,N/A,N/A,N/A,N/A,N/A,59.69,N/A
47,DUNSMUIR ELEMENTARY,4.00,41006,BA+30,53433,35,66511,55086,180,86.40,0.00
47,DUNSMUIR JOINT UNION HIGH,7.00,37800,BA+30,52112,6,71895,54655,184,55.37,4.00
47,FORKS OF SALMON ELEMENTARY (4),N/A,N/A,N/A,N/A,N/A,N/A,N/A,N/A,8.58,N/A
47,GAZELLE UNION ELEMENTARY,45.00,41581,BA+30,46129,15,50677,47919,183,34.11,0.00
47,GRENADA ELEMENTARY (4),N/A,N/A,N/A,N/A,N/A,N/A,N/A,N/A,206.50,N/A
47,HAPPY CAMP UNION ELEMENTARY (4),N/A,N/A,N/A,N/A,N/A,N/A,N/A,N/A,121.42,N/A
47,HORNBROOK ELEMENTARY,4.00,41500,BA+I,49895,5,60435,55279,184,51.10,1.00
47,JUNCTION ELEMENTARY (4),N/A,N/A,N/A,N/A,N/A,N/A,N/A,N/A,16.65,N/A
47,KLAMATH RIVER UNION ELEM.(4),N/A,N/A,N/A,N/A,N/A,N/A,N/A,N/A,9.20,N/A
47,LITTLE SHASTA ELEMENTARY,2.00,40908,BA+30,49641,5,61965,54210,185,24.75,0.00
47,MCCLOUD UNION ELEMENTARY,4.00,37485,BA+30,51446,7,60978,51139,182,52.06,0.00
47,MONTAGUE ELEMENTARY,10.00,41410,I,45191,10,70099,52506,183,159.50,1.50
47,MT. SHASTA UNION ELEMENTARY,29.00,49941,BA+30,70935,9,81319,70907,184,524.89,0.00
47,SEIAD ELEMENTARY,1.00,40000,BA+30,55000,6,65000,51000,186,8.72,1.82
47,SISKIYOU UNION HIGH (4),N/A,N/A,N/A,N/A,N/A,N/A,N/A,N/A,504.70,N/A
47,WEED UNION ELEMENTARY (4),N/A,N/A,N/A,N/A,N/A,N/A,N/A,N/A,262.60,N/A
47,WILLOW CREEK ELEMENTARY,2.00,39768,BA+30,43277,17,52634,47371,184,27.33,0.00
47,YREKA UNION ELEMENTARY (4),N/A,N/A,N/A,N/A,N/A,N/A,N/A,N/A,916.92,N/A
47,YREKA UNION HIGH,37.60,59000,BA+30,83163,15,102024,78931,183,655.10,2.97
47,BUTTE VALLEY UNIFIED,20.00,42000,BA+CR,59598,13,84657,60273,185,271.62,0.00
47,SCOTT VALLEY UNIFIED,39.90,33150,BA EC,59618,30,75757,60218,185,634.91,2.00
48,SOLANO COUNTY OFFICE OF ED.,66.40,45712,<BA,70452,14,87754,76306,184,N/A,1.50
48,BENICIA UNIFIED,239.84,48193,BA NC,83413,11,99208,77926,184,4422.97,2.50
48,DIXON UNIFIED (4),N/A,N/A,N/A,N/A,N/A,N/A,N/A,N/A,2905.90,N/A
48,FAIRFIELD-SUISUN UNIFIED,1067.00,48946,BA NC,75051,24,96943,77621,184,20230.30,3.00
48,TRAVIS UNIFIED,259.00,52033,BA,78662,12,89027,80313,184,5274.19,2.50
48,VACAVILLE UNIFIED,624.85,50189,BA NC,69814,15,97662,71587,184,12340.90,2.00
48,VALLEJO CITY UNIFIED (4),N/A,N/A,N/A,N/A,N/A,N/A,N/A,N/A,10266.80,N/A
49,SONOMA COUNTY OFFICE OF ED.,71.20,53003,BA+30,82636,11,97885,78305,183,N/A,4.50
49,PETALUMA CITY SCHOOLS (4),N/A,N/A,N/A,N/A,N/A,N/A,N/A,N/A,0.00,N/A
49,SANTA ROSA CITY SCHOOLS,786.10,60287,BA+30,81181,10,97344,77707,186,14401.89,4.00
49,ALEXANDER VALLEY UNION ELEM. (4),N/A,N/A,N/A,N/A,N/A,N/A,N/A,N/A,48.37,N/A
49,WEST SONOMA COUNTY UNION HIGH,100.90,50053,NC,75689,9,93397,74245,185,1694.93,4.00
49,BELLEVUE UNION ELEMENTARY,68.00,53003,BA,83482,10,102962,75189,185,1520.98,5.00
49,BENNETT VALLEY UNION ELEM.,54.00,50339,BA+30,72457,8,93136,67686,186,969.73,2.00
49,CINNABAR ELEMENTARY,14.50,50862,BA+30,74006,6,94602,67619,186,241.62,6.00
49,CLOVERDALE UNIFIED,76.20,49786,BA+30,70128,10,89806,72106,189,1315.16,2.00
49,DUNHAM ELEMENTARY (4),N/A,N/A,N/A,N/A,N/A,N/A,N/A,N/A,8.68,N/A
49,FORESTVILLE UNION ELEMENTARY,16.00,55168,BA+30,72662,30,92963,71153,183,261.72,3.00
49,FORT ROSS ELEMENTARY (4),N/A,N/A,N/A,N/A,N/A,N/A,N/A,N/A,14.18,N/A
49,GEYSERVILLE UNIFIED,17.97,50079,BA+30,69273,10,89683,68941,186,131.28,5.00
49,GRAVENSTEIN UNION ELEMENTARY,48.00,59503,BA+30,82918,30,103639,77518,183,735.93,3.00
49,GUERNEVILLE ELEMENTARY,15.00,51045,BA,67290,10,92204,69705,188,260.99,2.00
49,HARMONY UNION ELEMENTARY,16.00,55529,BA<45,81137,17,100096,68077,185,214.70,4.00
49,HORICON ELEMENTARY,6.00,44766,BA,62338,8,90286,68119,186,56.38,2.31
49,KENWOOD ELEMENTARY (4),N/A,N/A,N/A,N/A,N/A,N/A,N/A,N/A,51.00,N/A
49,LIBERTY ELEMENTARY,12.41,54140,BA+30,82201,6,95442,73286,190,235.85,3.00
49,MARK WEST UNION ELEMENTARY,75.00,55665,BA+30,85560,6,103933,80825,186,1362.46,7.00
49,MONTE RIO UNION ELEMENTARY,6.00,50204,BA,67842,1,93382,67410,184,72.84,3.00
49,MONTGOMERY ELEMENTARY,3.00,50980,BA+40,59547,6,81662,60729,184,20.54,0.00
49,OAK GROVE UNION ELEMENTARY,41.94,54178,CRED,77493,11,109313,71087,185,82.69,3.00
49,OLD ADOBE UNION ELEMENTARY (4),N/A,N/A,N/A,N/A,N/A,N/A,N/A,N/A,308.09,N/A
49,PINER-OLIVET UNION ELEMENTARY,48.20,39998,I,85824,11,111443,80584,185,1214.17,5.00
49,KASHIA ELEMENTARY,1.00,47537,BA+30,58053,7,73237,66581,184,10.19,3.26
49,RINCON VALLEY UNION ELEMENTARY,198.00,53561,BA+30,77046,23,93195,73379,186,3143.85,5.00
49,ROSELAND ELEMENTARY,144.53,53243,BA<45,74841,10,93603,75234,186,1361.75,2.50
49,SEBASTOPOL UNION ELEMENTARY,23.40,47437,BA,72809,11,93964,76238,186,430.99,6.00
49,SONOMA VALLEY UNIFIED,210.20,49902,BA+30,74073,20,89378,71488,187,3518.61,5.00
49,TWIN HILLS UNION ELEMENTARY,67.00,48150,BA+CR,69355,10,88573,67962,184,1100.90,0.00
49,TWO ROCK UNION ELEMENTARY,9.00,47499,BA<30,64717,6,80372,62389,186,156.37,4.00
49,WAUGH ELEMENTARY,39.00,48365,BA+30,81179,10,91158,70620,187,815.96,0.00
49,WEST SIDE UNION ELEMENTARY,9.00,46876,BA+30,69077,6,84550,62945,186,165.29,3.50
49,WILMAR UNION ELEMENTARY (4),N/A,N/A,N/A,N/A,N/A,N/A,N/A,N/A,229.50,N/A
49,WRIGHT ELEMENTARY (4),N/A,N/A,N/A,N/A,N/A,N/A,N/A,N/A,952.59,N/A
49,COTATI-ROHNERT PARK UNIFIED,274.26,43650,BA NC,68438,11,87526,66981,185,5403.77,2.00
49,WINDSOR UNIFIED,260.55,47263,BA<45,69341,24,83218,66487,188,4657.04,1.08
49,HEALDSBURG UNIFIED,84.60,53337,BA+30,76980,21,96554,71010,188,1332.95,5.50
50,STANISLAUS COUNTY OFFICE OF ED,188.29,45868,<BA,82284,12,111158,79463,184,N/A,1.50
50,MODESTO CITY SCHOOLS,1350.00,61523,BA+12,93071,12,114050,87635,185,28149.57,0.00
50,CERES UNIFIED,665.76,56961,BA+24,86266,14,113668,84640,187,13189.30,0.00
50,CHATOM UNION ELEMENTARY,25.73,51737,BA+36,75807,14,100154,72313,183,560.68,0.00
50,DENAIR UNIFIED,81.10,43035,BA<36,62103,30,84800,61356,183,1253.10,1.00
50,EMPIRE UNION ELEMENTARY,140.10,51720,BA+12,81456,7,105632,82192,185,2824.53,0.00
50,GRATTON ELEMENTARY,9.00,51634,BA+CR,65026,5,91639,65464,185,9.48,0.00
50,HART-RANSOM UNION ELEMENTARY,57.00,56421,BA,91019,11,113034,85343,185,1177.87,3.25
50,HICKMAN ELEMENTARY,48.20,51710,BA+30,85820,30,97957,71413,182,1022.73,-1.70
50,KEYES UNION ELEMENTARY,40.00,52094,I,84781,30,103335,79722,183,736.20,2.00
50,KNIGHTS FERRY ELEMENTARY,8.00,45477,BA+CR,58647,15,95239,66784,183,151.46,2.00
50,PARADISE ELEMENTARY,10.00,42450,I,71734,5,87938,60721,185,77.91,2.00
50,PATTERSON JOINT UNIFIED,309.00,55534,BA,77849,14,111493,79625,185,5814.81,2.00
50,ROBERTS FERRY UNION ELEMENTARY,9.00,47767,BA+30,67746,24,94220,67414,184,121.73,3.00
50,SALIDA UNION ELEMENTARY,107,55674,BA+12,89214,25,108003,84762,184,2247.23,2.30
50,SHILOH ELEMENTARY,10.00,50953,BA+15,61411,12,86818,68547,184,177.86,0.00
50,STANISLAUS UNION ELEMENTARY (4),N/A,N/A,N/A,N/A,N/A,N/A,N/A,N/A,3395.79,N/A
50,SYLVAN UNION ELEMENTARY,449.20,49991,EC/I,79483,40,106110,79560,182,7843.10,0.00
50,VALLEY HOME JOINT ELEMENTARY (4),N/A,N/A,N/A,N/A,N/A,N/A,N/A,N/A,169.59,N/A
50,NEWMAN-CROWS LANDING UNIFIED (4),N/A,N/A,N/A,N/A,N/A,N/A,N/A,N/A,3070.88,N/A
50,HUGHSON UNIFIED,98.77,49660,EC/I,86829,25,106566,75913,184,2017.78,5.00
50,RIVERBANK UNIFIED,136.60,52277,NC,76789,1,99183,78016,184,2275.73,0.00
50,OAKDALE UNIFIED,243.28,49682,BA,83168,14,102899,79824,182,5169.16,1.50
50,WATERFORD UNIFIED,86.00,53856,BA+24,84453,28,101698,79310,187,1723.69,0.00
50,TURLOCK UNIFIED,655.00,57714,BA<45,87264,31,109390,81321,183,13340.80,0.00
51,SUTTER COUNTY OFFICE OF ED.,53.22,41833,EC/I,73890,30,102523,71161,185,132.10,0.00
51,BRITTAN ELEMENTARY,20.00,43841,BA,71049,6,90655,65923,183,429.36,2.50
51,BROWNS ELEMENTARY,8.00,33203,BA,48679,10,61123,52706,183,135.05,0.00
51,EAST NICOLAUS JOINT UNION HIGH (4),N/A,N/A,N/A,N/A,N/A,N/A,N/A,N/A,296.39,N/A
51,FRANKLIN ELEMENTARY,21.00,55376,BA,84016,32,97718,76337,184,473.11,1.00
51,LIVE OAK UNIFIED,98.00,40000,I,74567,12,102265,68761,186,1804.30,0.00
51,MARCUM-ILLINOIS UNION ELEM.,10.00,42578,BA+30,54188,6,69813,53273,184,175.01,0.00
51,MERIDIAN ELEMENTARY (4),N/A,N/A,N/A,N/A,N/A,N/A,N/A,N/A,59.20,N/A
51,NUESTRO ELEMENTARY,9.00,48557,BA+30,56746,21,77655,60783,183,178.36,3.00
51,PLEASANT GROVE JOINT UN ELEM. (4),N/A,N/A,N/A,N/A,N/A,N/A,N/A,N/A,161.56,N/A
51,SUTTER UNION HIGH,36.00,48259,BA,64350,9,88644,68461,185,774.13,0.00
51,WINSHIP-ROBBINS ELEMENTARY,7.00,39864,PV,58742,5,94547,58837,184,113.57,0.00
51,YUBA CITY UNIFIED,601.50,45828,EC,76195,13,99329,72481,186,11641.10,0.00
52,TEHAMA COUNTY OFFICE OF ED.,23.00,46791,BA,69303,15,94018,74917,183,175.05,1.00
52,ANTELOPE ELEMENTARY,38.00,41030,I,73805,9,87678,62684,183,722.26,3.00
52,CORNING UNION ELEMENTARY,101.00,49577,BA,71537,11,95989,64556,183,1951.96,2.00
52,CORNING UNION HIGH (4),N/A,N/A,N/A,N/A,N/A,N/A,N/A,N/A,1017.95,N/A
52,ELKINS ELEMENTARY (4),N/A,N/A,N/A,N/A,N/A,N/A,N/A,N/A,0.00,N/A
52,EVERGREEN UNION ELEMENTARY,62.00,51332,NC,73459,4,94962,75795,183,1062.74,0.00
52,FLOURNOY UNION ELEMENTARY,2.00,41693,BA+30,57653,5,67993,53116,185,37.75,0.00
52,GERBER UNION ELEMENTARY,18.00,50218,BA+30,75755,9,91217,67681,184,360.41,1.50
52,KIRKWOOD ELEMENTARY,5.00,43383,BA+30,60517,5,80705,60052,185,97.34,3.00
52,LASSEN VIEW UNION ELEMENTARY,19.00,47521,BA<45,70792,10,90069,63704,185,364.55,0.00
52,LOS MOLINOS UNIFIED,31.00,43750,BA+30,69959,10,83860,60560,185,543.44,2.00
52,RED BLUFF UNION ELEMENTARY (4),N/A,N/A,N/A,N/A,N/A,N/A,N/A,N/A,1936.35,N/A
52,RED BLUFF UNION HIGH,82.00,44455,I,77543,10,100000,74467,185,1683.40,2.40
52,REEDS CREEK ELEMENTARY,8.80,43270,BA+30,56039,6,75147,60784,183,175.35,0.00
52,RICHFIELD ELEMENTARY (4),N/A,N/A,N/A,N/A,N/A,N/A,N/A,N/A,235.06,N/A
53,TRINITY COUNTY OFFICE OF ED.,4.00,46643,BA+30,68825,8,84157,71243,184,N/A,0.00
53,BURNT RANCH ELEMENTARY (4),N/A,N/A,N/A,N/A,N/A,N/A,N/A,N/A,83.74,N/A
53,COFFEE CREEK ELEMENTARY,1.00,36500,BA+30,58870,15,60400,43000,185,8.77,0.00
53,DOUGLAS CITY ELEMENTARY,12,41608,I,57935,6,70754,61417,185,169.17,0.00
53,JUNCTION CITY ELEMENTARY (4),N/A,N/A,N/A,N/A,N/A,N/A,N/A,N/A,73.40,N/A
53,LEWISTON ELEMENTARY (4),N/A,N/A,N/A,N/A,N/A,N/A,N/A,N/A,62.00,N/A
53,TRINITY CENTER ELEMENTARY (4),N/A,N/A,N/A,N/A,N/A,N/A,N/A,N/A,16.34,N/A
53,SOUTHERN TRINITY JOINT UNIFIED (4),N/A,N/A,N/A,N/A,N/A,N/A,N/A,N/A,82.93,N/A
53,MOUNTAIN VALLEY UNIFIED (4),N/A,N/A,N/A,N/A,N/A,N/A,N/A,N/A,276.26,N/A
53,TRINITY ALPS UNIFIED,34.75,42447,BA+30,68616,15,85478,64405,183,625.02,0.00
54,TULARE COUNTY OFFICE OF ED.,235.45,46702,BA,94727,11,112803,98412,185,457.88,0.00
54,ALLENSWORTH ELEMENTARY,5.00,35894,BA,45889,12,61605,52579,180,78.90,2.00
54,ALPAUGH UNIFIED,18.00,51435,BA+30,62971,1,89068,67919,185,310.99,2.00
54,ALTA VISTA ELEMENTARY,25.00,50347,BA,80473,25,102599,77498,184,503.34,2.00
54,BUENA VISTA ELEMENTARY,10.60,47799,BA+EC,71169,3,80278,67536,184,196.88,0.00
54,BURTON ELEMENTARY,217,57322,BA+30,78220,25,109841,83910,186,2553.48,0.00
54,CITRUS SOUTH TULE ELEMENTARY (4),N/A,N/A,N/A,N/A,N/A,N/A,N/A,N/A,0.00,N/A
54,COLUMBINE ELEMENTARY,9.00,50220,BA,81616,10,90443,78257,183,187.00,0.00
54,CUTLER-OROSI JOINT UNIFIED,213.00,51087,BA<30,76936,15,97672,74697,185,3891.54,0.00
54,DUCOR UNION ELEMENTARY,10.00,46820,BA+30,54691,10,81926,64750,183,145.87,0.00
54,EARLIMART ELEMENTARY,82.00,55134,BA+CR,76913,15,99164,75322,183,1542.90,2.00
54,HOPE ELEMENTARY,11.00,49878,BA+30,62047,15,92067,70052,187,224.16,0.00
54,HOT SPRINGS ELEMENTARY,2.00,25500,BA NC,42500,17,63500,50000,183,20.79,0.00
54,KINGS RIVER UNION ELEMENTARY,22.00,42913,BA,76424,15,94818,71547,191,413.22,0.00
54,LIBERTY ELEMENTARY,29.00,50989,BA+30,66472,10,96636,69428,184,647.42,0.00
54,LINDSAY UNIFIED,186.00,54359,<PM,84595,35,108749,77470,188,3932.80,0.00
54,MONSON-SULTANA JOINT UNION ELE,22.00,49661,BA+I,72615,15,96183,68431,185,442.48,0.00
54,OAK VALLEY UNION ELEMENTARY,30.00,49679,BA,71256,6,91477,72422,185,561.95,0.00
54,OUTSIDE CREEK ELEMENTARY,4.00,42500,BA,51092,6,75000,62443,185,97.23,0.00
54,PALO VERDE UNION ELEMENTARY,26.50,51090,BA,79166,1,94235,75725,185,551.33,0.00
54,PIXLEY UNION ELEMENTARY,48.00,54481,BA+30,75052,25,95853,75879,186,926.36,0.00
54,PLEASANT VIEW ELEMENTARY,21.53,54975,BA,82013,25,100463,79268,190,457.27,2.00
54,RICHGROVE ELEMENTARY,34.00,48720,BA+30,83234,19,92566,72300,185,548.09,0.00
54,ROCKFORD ELEMENTARY,14.00,50954,BA,76355,5,93542,77197,184,328.99,2.00
54,SAUCELITO ELEMENTARY,5.00,41652,BA+CR,59840,1,82133,63215,182,70.77,0.00
54,SEQUOIA UNION ELEMENTARY,18.00,48112,BA+30,62447,10,93364,64116,185,344.46,2.30
54,SPRINGVILLE UNION ELEMENTARY,19.00,49881,EC/I,69777,25,93099,70615,182,281.70,0.00
54,STONE CORRAL ELEMENTARY,6.00,38243,BA+15,48974,3,75251,48967,183,127.45,0.00
54,STRATHMORE UNION ELEMENTARY,34.00,57101,NC,85581,8,110524,82624,186,707.97,0.00
54,SUNDALE UNION ELEMENTARY,36.00,55807,BA+12,80986,5,94610,77368,185,794.76,2.00
54,SUNNYSIDE UNION ELEMENTARY,19.00,51262,EC/I,68293,25,95788,73268,188,347.21,0.00
54,TERRA BELLA UNION ELEMENTARY,44.00,55192,BA+30,84997,7,113344,80090,184,814.00,2.00
54,THREE RIVERS UNION ELEMENTARY,8.35,37061,BA+15,48381,10,71242,47003,184,128.51,0.00
54,TIPTON ELEMENTARY,25.00,53874,BATO,81846,10,93972,73120,185,521.39,0.00
54,TRAVER JOINT ELEMENTARY,9.00,48318,PC,69290,1,89629,70534,183,224.92,2.00
54,TULARE CITY ELEMENTARY,488.10,54927,BA,86473,12,103948,81984,185,9237.93,0.00
54,TULARE JOINT UNION HIGH,259.01,59710,DSC,91505,17,111309,83418,185,5458.92,2.00
54,VISALIA UNIFIED,1354.45,53618,BA+EC,77572,16,104365,77487,184,28001.39,-0.53
54,WAUKENA JOINT UNION ELEMENTARY,11.00,54145,BA+30,62710,6,83707,67323,185,206.80,3.00
54,WOODVILLE ELEMENTARY,19.00,57203,BA+30,80203,8,96973,77143,183,410.58,0.00
54,FARMERSVILLE UNIFIED,132.64,52848,BA<24,77012,21,95820,76269,185,2398.24,0.00
54,PORTERVILLE UNIFIED,704.00,57115,EC/I,87181,25,111404,86268,186,13681.86,2.00
54,DINUBA UNIFIED,308.98,52441,NC,83819,18,102025,76298,185,6329.11,2.00
54,WOODLAKE UNIFIED,99.47,49275,BA<30,77133,11,94942,78279,185,2023.86,0.00
54,EXETER UNIFIED,125.08,53828,BA<30,76611,20,96712,76181,187,2613.20,0.00
55,TUOLUMNE COUNTY OFFICE OF ED.,23.00,48283,BA+15,66774,25,93157,71601,183,N/A,3.00
55,BELLEVIEW ELEMENTARY (4),N/A,N/A,N/A,N/A,N/A,N/A,N/A,N/A,169.00,N/A
55,COLUMBIA UNION ELEMENTARY,25.00,45365,SLS,60039,7,77261,58815,183,442.00,0.00
55,CURTIS CREEK ELEMENTARY,24.00,41164,BA,62913,10,87125,57952,182,470.01,1.00
55,JAMESTOWN ELEMENTARY,24.00,42630,I,64297,8,83359,61984,184,358.56,0.00
55,SONORA ELEMENTARY (4),N/A,N/A,N/A,N/A,N/A,N/A,N/A,N/A,686.06,N/A
55,SONORA UNION HIGH (4),N/A,N/A,N/A,N/A,N/A,N/A,N/A,N/A,950.40,N/A
55,SOULSBYVILLE ELEMENTARY,32.00,45060,BA,65815,8,86629,64842,184,540.94,1.50
55,SUMMERVILLE ELEMENTARY (4),N/A,N/A,N/A,N/A,N/A,N/A,N/A,N/A,383.51,N/A
55,SUMMERVILLE UNION HIGH (4),N/A,N/A,N/A,N/A,N/A,N/A,N/A,N/A,390.10,N/A
55,TWAIN HARTE-LONG BARN UNION EL,16.00,58343,BA<30,82738,7,105199,75186,182,259.57,0.00
55,BIG OAK FLAT-GROVELAND UNIFIED,27.00,49590,BA+30,65969,9,82331,61221,182,274.57,3.00
56,VENTURA COUNTY OFFICE OF ED.,113.16,51877,BA,82075,14,96149,77306,182,N/A,0.00
56,BRIGGS ELEMENTARY,29.00,50834,BA,73470,5,100573,76367,186,500.77,3.00
56,FILLMORE UNIFIED,192.51,47939,I,80416,6,107683,76988,185,3579.36,3.00
56,HUENEME ELEMENTARY,376.51,52421,BA+CR,94557,8,113086,86173,184,7691.75,1.00
56,MESA UNION ELEMENTARY,29.40,48664,BA,75100,6,93261,78721,186,592.28,3.50
56,MUPU ELEMENTARY,7.80,45875,BA,75037,6,90384,79373,184,158.75,0.00
56,OCEAN VIEW ELEMENTARY,107.00,53697,BA,81702,3,104978,83100,183,2337.73,1.50
56,OJAI UNIFIED (4),N/A,N/A,N/A,N/A,N/A,N/A,N/A,N/A,2247.28,N/A
56,OXNARD ELEMENTARY,748.00,49606,BA,85690,12,105493,82189,183,15194.10,1.50
56,OXNARD UNION HIGH,730.68,56185,BA NC,95426,5,109221,95783,184,15949.20,1.40
56,PLEASANT VALLEY SCHOOL DISTRICT,283.56,50649,BA,77892,7,101899,80132,184,5985.65,0.00
56,RIO ELEMENTARY,255.60,47477,BA+PM,79365,12,103618,78937,185,5098.41,1.00
56,SANTA CLARA ELEMENTARY,2.00,55853,BA+30,65541,6,99720,79495,186,54.60,4.50
56,SANTA PAULA HIGH (4),N/A,N/A,N/A,N/A,N/A,N/A,N/A,N/A,0.00,N/A
56,SIMI VALLEY UNIFIED,761.80,48312,BA,83344,10,98264,76048,185,15718.50,2.00
56,SOMIS UNION ELEMENTARY,14.10,47532,BA+30,76513,8,88466,74587,182,232.33,0.00
56,VENTURA UNIFIED,769.13,48017,BA/DS,77987,8,95772,69145,185,15528.70,0.00
56,CONEJO VALLEY UNIFIED,753.00,50275,NC,91415,10,103572,81797,185,17614.50,2.00
56,OAK PARK UNIFIED,197.40,51659,BA,90257,13,112845,81698,185,4373.94,1.00
56,MOORPARK UNIFIED,290.20,38195,BA+I,72502,7,91793,69768,185,5858.72,0.00
56,SANTA PAULA UNIFIED,278.00,52425,BA+15,81573,11,98428,77630,184,4888.74,1.00
57,YOLO COUNTY OFFICE OF ED.,35.00,44724,NC,65814,15,88259,65672,182,N/A,0.00
57,DAVIS JOINT UNIFIED,474.83,43471,BA,74547,25,93067,67531,184,8187.57,1.00
57,ESPARTO UNIFIED,49.25,51994,BA<45,75542,10,102417,71255,182,907.75,0.00
57,WASHINGTON UNIFIED,393.10,43547,BA<30,75826,13,99101,73575,184,7210.35,1.10
57,WINTERS JOINT UNIFIED (4),N/A,N/A,N/A,N/A,N/A,N/A,N/A,N/A,1481.99,N/A
57,WOODLAND JOINT UNIFIED,581.10,47505,BA,73100,25,96876,67644,184,9388.92,1.75
58,YUBA COUNTY OFFICE OF ED.,54.00,47331,I,64631,25,88658,68736,181,N/A,0.00
58,CAMPTONVILLE ELEMENTARY,3.00,47299,BA+30,59739,3,82167,61140,182,46.78,1.00
58,MARYSVILLE JOINT UNIFIED,476.03,53451,NC,78511,38,108420,75649,183,9148.42,0.00
58,PLUMAS ELEMENTARY,78.00,48502,BA+CR,66717,28,97556,71391,184,1322.56,3.00
58,WHEATLAND ELEMENTARY,67.40,45338,BA,86106,6,102122,82157,181,1247.16,0.00
58,WHEATLAND HIGH,39.00,45395,EC/I,75294,10,103290,74562,181,846.00,6.00
